stem,세부직무명,회사명,담당업무,우대사항,스킬
0001_GI48127233_씨제이올리브영(주) 채용 - 데이터분석가 _ 잡코리아,데이터 분석가,씨제이올리브영(주),"['신규 데이터 발굴 및 수집 오라클', '빅퀴리 등 물류관련 다양한 내부 시스템 및 외부 연동 시스템으로부터 유의미한 데이터를 발굴', '정제 기존 수기관리 데이터(엑셀 등)DB화 및 분석 자산 전환 물류 인사이트 분석 및 발굴 물류 운영 전반(입고', '보다 정확하고 신뢰도 높은 지표 생성 및 고도화 Tableau 등 시각화 도구를 활용한 직관적 대쉬 보드 구성 및 분석 결과 시각화']","['컴퓨터/산업공학/통계등 관련 석사 이상 오라클,GCP(BigQuery),AWS(Redshift)등 레거시 및 클라우드 경험', '우대 물류 또는 공급망 관리(SCM)분야 실무 경험', '우대 입고,출고,배송,반품 등 물류 운영 전반에 대한 데이터 분석 및 운영 프로세스 개선 프로젝트 수행 경험', '우대 분석 프로젝트 리딩 경험']","['SQL', 'Python', 'R', 'Tableau', 'BigQuery', 'Redshift', 'AWS', 'GCP']"
0002_GI48293597_씨제이올리브영(주) 채용 - 데이터분석가 _ 잡코리아,데이터 분석가,씨제이올리브영(주),"['신규 데이터 발굴 및 수집 오라클', '빅퀴리 등 물류관련 다양한 내부 시스템 및 외부 연동 시스템으로부터 유의미한 데이터를 발굴', '정제 기존 수기관리 데이터 (엑셀 등)DB화 및 분석 자산 전환 물류 인사이트 분석 및 발굴 물류 운영 전반(입고', '보다 정확하고 신뢰도 높은 지표 생성 및 고도화 Tableau 등 시각화 도구를 활용한 직관적 대쉬 보드 구성 및 분석 결과 시각화']","['컴퓨터/산업공학/통계등 관련 석사 이상 오라클,GCP(BigQuery),AWS(Redshift)등 레거시 및 클라우드 경험', '우대 물류 또는 공급망 관리(SCM)분야 실무 경험', '우대 입고, 출고,배송,반품 등 물류 운영 전반에 대한 데이터 분석 및 운영 프로세스 개선 프로젝트 수행 경험', '우대 분석 프로젝트 리딩 경험']","['SQL', 'Python', 'R', 'Tableau', 'BigQuery', 'Redshift', 'AWS', 'GCP']"
0003_GI48378680_㈜컴투스 채용 - [컴투스홀딩스] 데이터분석가 (4-8년차) _ 잡코리아,데이터 분석가,㈜컴투스,[],"['1.실제 서비스에서 발생하는 데이터를 사용해 분석 모델을 개발 하고 운영해 본 경험을 갖고 계시면 더 좋습니다. 모델 주제는 '이탈 유저예측', '유저 군집 분류', '상품 추천' 등 어떤 것이라도 상관 없습니다. 현실에서 발생하는 데이터를 사용한 경험이 중요합니다. 2.'AI/빅데이터공학', '응용수학', '통계학', '컴퓨터 공학 중 하나를 전공하셨으면 더 좋습니다.']","['SQL', 'Python', 'R']"
0004_GI48152557_넛지헬스케어㈜ 채용 - [캐시워크] 데이터분석가 - 석사_박사 _ 잡코리아,데이터 분석가,넛지헬스케어㈜,[],"['GCP(BigQuery), Google Analytics 사용 경험이 있으신 분', '데이터 기반으로 서비스 품질 향상 및 마케팅 성과에 기여한 경험이 있으신 분', '데이터에 기반한 가설을 세워 A/B Test를 설계하고 진행해보신 분', '머신러닝 또는 예측 분석 경험이 있으신 분', '대용량 데이터 처리 경험이 있으신 분']","['SQL', 'Python', 'Tableau', 'BigQuery', 'AWS', 'Google Analytics', 'GCP']"
0006_GI48113922_CJ ENM 채용 - Data Analyst-글로벌 K팝 플랫폼(Mnet Plus 전직군채용) _ 잡코리아,데이터 분석가,CJ ENM,"['Data Analyst Formation방식 등에 유연하게 대응할 수 있는 분', '콘텐츠에 대한 진심과 애정으로 콘텐츠을 사랑하며 진정한 덕업일치를 이루고 싶은 분']","['도메인 내 다양한 서비스와 비즈니스 영역에 대한 데이터 분석 및 문제 정의를 주도적으로 수행, 비즈니스 변화에 따라 데이터 리소스를 관리하고, 적절한 데이터 분석과 리소스 계획 수립 데이터분석 파트 내에서 리더십을 발휘하며 팀원들의 멘토링 및 성장 코칭, 글로벌 B2C 서비스에서 데이터 분석 경험을 보유하신 분', '클라우드 환경에서 대용량 데이터 분석 경험을 보유하신 분', '캐릭터&성향 직군과 관계없이 어울릴 수 있고,적극적인 커뮤니케이션을 하려고 노력하는 분', '우선순위를 명확히 하여 Resource 대비 최대의 Impact를 만들어 줄 수 있는 분']",['Google Analytics']
0007_GI48283210_㈜티빙 채용 - [티빙] 데이터 분석 (Senior Data Analyst) 경력채용 _ 잡코리아,데이터 분석가,㈜티빙,[],"[""TVING의 데이터가'쓸 수 있는 상태'로 흐르도록 만드는 역할을 합니다."", ''데이터가 생성되고, 적재되고, 가공되고, 지표로 정의되고, 마침내 조직의 의사결정에 사용되기까지의 모든 과정을 책임지고 있습니다.', 'DataEngineering', 'AI', 'AX 등과 가까운 조직 구조에 있어 분석가로서 데이터 엔지니어링과 모델링', '자동화 영역까지 자연스럽게 협업할 수 있는 환경입니다.', '담당하게 될 업무 1.비즈니스 인사이트 &분석 및 BI 제작 -숫자 변화의 원인과 패턴을 구조적으로 파악 -Retention, Funnel, Cohort 등 분석 방식을 통해 비즈니스 의사결정에 직접 연결되는 인사이트 도출 -단순 수치 나열이 아닌, 인과관계를 숫자로 설명하고 설득하는 분석 2.데이터 파이프라인 & ETL', '이벤트', '정형/비정형 데이터를 안정적으로 적재']","['SQL', 'Tableau', 'Redash', 'Amplitude', 'Git']"
0008_GI48319777_㈜피알앤디컴퍼니 채용 - [ 헤이딜러 ] Data Analyst _ 잡코리아,데이터 분석가,㈜피알앤디컴퍼니,"['데이터 가시성을 확보합니다.', '헤이딜러 내차팔기/내차사기 비즈니스의 핵심 지표를 설계합니다.', '효율적, 효과적인 광고 집행을 위해 퍼포먼스 마케팅의 실제 성과를 분석합니다.', '데이터 기반 의사결정을 위해 데이터를 분석하고 인프라를 관리합니다.', 'A/B 테스트를 설계 및 검증합니다.', '업무환경 notion jira github']",[],"['BigQuery', 'AWS', 'Git', 'R']"
0010_GI48377658_㈜인피닉 채용 - 인피닉 AI연구소 공간 데이터 분석가 채용(Spatial Scientist) _ 잡코리아,데이터 분석가,㈜인피닉,[],"['공간 데이터 분석, 수집, 구축, 알고리즘 개발 등 측량 및 지형 공간 정보기사, 공간 데이터 핸들링(SHP)', '공간 데이터 수집(AP 등 오픈 데이터)', '공간 데이터 구축(PostgreSQL)', 'DB관련 서비스 업종 구축 경험(관련업무)', 'Cesium.jsor3D GIS라이브러리 활용경험 Cesium Certified Developer 자격 보유자 개인포트폴리오 제출 필수 기본우대 측량 및 지형 공간 정보기사', '공간데이터 구축', 'DB관련구축경험', '공간정보학과']","['Python', 'PostgreSQL']"
0011_GI48365962_(주)당근마켓 채용 - Data Analyst(Data Ops) Intern - Community _ 잡코리아,데이터 분석가,(주)당근마켓,"['Data Analyst Intern 서비스 로그 및 이벤트 데이터의 정의', 'QA 모니터링 전 과정을 관리해요', '로그 설계와 데이터 스키마의 일관성을 점검하고 변경 시 품질 영향도를 분석해요', '데이터 카탈로그로 사용되는 사내 플랫폼을 기반으로 품질 상태를 가시화해요', '구성원이 신뢰할 수 있는 데이터 품질 기준과 가이드라인을 함께 만들어가요']","['전공 혹은 데이터 분석 프로젝트를 통해 빠른 이해와 성장을 경험하신 분', '프로덕트가 만들어지는 과정에 참여하고,함께 성장할 수 있는 분', '빠르게 성장하는 불확실한 환경에서 일하는 것을 즐기는 분']","['SQL', 'Superset', 'BigQuery', 'Amplitude']"
0013_GI48034540_플렉스㈜ 채용 - [Product] Data Analyst _ 잡코리아,데이터 분석가,플렉스㈜,"['Data Analyst 이런 일을 함께하게 됩니다.', '플렉스팀의 성장에 기여할 수 있는 Growth 분석을 수행합니다.', '리드 획득 관점에서 온/오프라인 광고 마케팅 효과를 측정 및 관리합니다.', '리드가 유료고객사로 전환되는 여정에 적극 참여하여 마케팅, 유료고객사 관리를 위한 제품 사용 지표,예측 모델 등을 개발하여 고객사 리텐션에 기여합니다.', 'flex 제품 개선을 위한 Product 분석을 수행합니다.', 'User Behavior 분석을 위한 웹과 모바일 제품의 이벤트 로그를 설계 및 관리합니다.', '릭은 이이를표연융 ㅋㅋ VOC,세일즈 블록커를 기반으로 제품 개선의 비즈니스 임팩트를 측정합니다.', '고객의 HR 문제 해결을 위한 People Analytics를 개척합니다.']","['B2B SaaS에서 데이터 분석 경험을 갖고 계신 분', 'Data Science 방법론(ML/DL/LLM)도 같이 접목해서 문제 해결에 솔루션을 찾으실 수 있는 분', 'People Analytics 주제로 HR 데이터 분석 및 HR 활용 사례를 경험하신 분', '사내 데이터 분석 뿐만 아니라,데이터를 활용한 제품 개발에 대한 경험이 있으신 분', 'Spark, Presto, Airflow,Hadoop 등의 데이터 처리 기술 활용 경험이 있으신 분']","['SQL', 'Python', 'Spark', 'Airflow', 'Amplitude', 'Hadoop']"
0014_GI48231783_㈜넥슨 채용 - [글로벌보안본부] 데이터 분석가 (Computer Vision _ Multimodal AI) _ 잡코리아,데이터 분석가,㈜넥슨,"['어뷰징 탐지를 위한 Computer Vision/Multimodal AI 모델 및 서비스 개발', '1)ComputerVision:대규모 게임 스크린샷 및 UI 이미지를 대상으로,외부 프로그램/비정상 요소를 탐지하는 Computer Vision모델 을 설계/개발/서비스합니다.', '2)Mult imodal AI:다양한 데이터를 통합적으로 이해하는 Multimodal AI 기술을 응용해 탐지 모델을 고도화하고, 해석 가능한 형태로 제공합니다.', '안티치트 솔루션 내 AI 모델의 운영', '모니터링', '성능 개선 데이터 엔지니어', '웹서비스 엔지니어와 협업하여 빠른 주기/대량 추론 환경에 적합한 모델 구조 설계 및 최적화']","['게임 및 안티치트 도메인에 대한 지식이 있으신 분', 'YOLO/DETR 계열 등 Object Detection모델을 활용해 서비스에 적용해 본 경험이 있으신 분', '대규모 이미지 데이터 레이블링/품질 관리 및 가이드 설계 경험이 있으신 분', '능동적이고 자기주도적인 업무 진행 능력을 가지고 자신의 업무 결과물에 대한 책임감이 있으신 분']","['Python', 'PyTorch', 'TensorFlow']"
0015_GI48360037_쿠팡 주식회사 채용 - [쿠팡] 카탈로그 데이터 테스트 & 분석가 _ 잡코리아,데이터 분석가,쿠팡 주식회사,"['카탈로그 데이터 팀소개 테스트 &분석가', 'Catalog Ops Improvement 팀은 Catalog Operations 조직 내 오퍼레이터 정확도를 향상 시키기 위해 다양한 분석 및 개선 활동을 수행합니다. Catalog Operations 조직에서 생성된 데이터는 쿠팡의 카탈로그를 개선하기 위해 시스템의 학습 또는 개선 데이터로 활용됩니다', 'Ops Improvement 조직의 A/B테스트 진행', '오퍼레이터 정확도 데이터와 오류 트렌드 분석(잘못된 라벨링 또는 프로세스 이탈의 근본 원인을 조사)', 'SOP 개선', '트레이닝팀과 협력하여 콘텐츠 설계 및 트레이닝 효과 모니터링']","['운영 엑설런스,Lean,Six Sigma 또는 지속적 개선에 대한 경험을 보유하신 분', '운영자 워크플로우,라벨링 워크플로우 또는 프롬프트 개선에 대한 이해도가 있으신 분', '트레이닝 설계 관련 실무 지식을 보유하신 분', '품질 관리 시스템 또는 결함 추적 도구를 사용해본 경험이 있으신 분', '비즈니스 영어가 가능하신 분']",[]
0016_GI48194535_메가존클라우드㈜ 채용 - Business Data Analyst & Insight Specialist _ 잡코리아,데이터 분석가,메가존클라우드㈜,[],"['BI Tool 구축 및 활용 경험', '대규모 프로젝트 관리 경험']","['SQL', 'Python', 'R']"
0017_GI48301246_㈜카카오 채용 - Data Analytics Engineer (경력) _ 잡코리아,데이터 분석가,㈜카카오,"['Data Analytics Engineer 사용자의 요구 사항에 맞는 다양한 형태와 성격의 데이터셋을 설계하고 개발, 운영합니다.', '데이터의 품질과 파이프라인의 안정성을 관리합니다.', '업무에 필요한 플랫폼과 도구를 개발하고 운영합니다.']","['Hadoop Ecosystem에서 데이터 업무 경험이 있는 분', '초대용량 데이터 처리 경험이 있는 분', '크고 복잡한 문제를 효율적으로 해결해 본 경험이 있는 분', '업무 자동화나 사용자 편의를 위한 어플리케이션 개발, 운영 경험이 있는 분']","['SQL', 'Python', 'Hadoop', 'Airflow']"
0020_GI48076872_㈜이팝소프트 채용 - [이팝소프트(말해보카)] 시니어 프로덕트 데이터 분석가 _ 잡코리아,데이터 분석가,㈜이팝소프트,"['합류 후 이런 업무를 함께 담당하게 돼요.', '프로덕트의 핵심 지표를 정의합니다.', '프로덕트 개선을 위한 인사이트 발굴 업무를 담당합니다.', '목표 달성을 위한 지표와 가설을 설정하고, 이를 검증할 수 있는 데이터 분석 및 A/B 테스트 설계를 진행합니다.', '을연서위이다술위 을']","['SQL을 활용한 데이터 분석 업무 경험 6년 이상이거나,이에 준하는 역량을 갖추신 분', 'Tableau,Redash 등 최소 1개 이상의 데이터 시각화 툴을 능숙히 사용하실 수 있는 분', '다양한 분석 기법을 활용해 가설을 수립 및 검증하고,도출된 결과를 바탕으로 논리적 추론 및 인사이트를 도출해 문제를 해결해 본 경험을 보유하신 분', '여러 유관 부서와 협업하며 본인의 분석 결과를 바탕으로 데이터 기반의 커뮤니케이션 및 제안 등 액션까지 프로젝트를 주도적으로 이끌어본 경험을 보유하신 분', 'Python,R 등을 활용한 분석 업무 경험을 보유하신 분', '수학, 통계 등 관련 전공에서 학사 이상의 학위를 보유하신 분', '앱 서비스에 대한 이해도가 높으신 분']","['SQL', 'Tableau', 'Redash', 'Athena', 'S3', 'AWS', 'MySQL', 'Airflow', 'Python', 'R']"
0021_GI48293235_펑타이그레이터차이나(유) 채용 - [PTKOREA] 데이터 분석가 _ 잡코리아,데이터 분석가,펑타이그레이터차이나(유),['데이터 분석가'],"['앱/웹에 대한 이해도가 있으신 분', 'Google Analytics를 이용한 분석이 가능하신 분', '외국어 커뮤니케이션 능력을 보유하신 분', 'PPT/Excel를 활용한 대시 보드 제작 경험이 있으신 분']","['SQL', 'Python', 'R', 'SPSS']"
0022_GI48258706_넷마블 채용 - 게임 데이터 분석 담당자 모집 _ 잡코리아,데이터 분석가,넷마블,['게임 데이터 분석 게임 론칭 및 운영 분석 리포트 발행 게임 장르별 BM 분석 리포트 발행 게임 데이터 기반의 통계분석 및 예측모델 개발'],['컴퓨터공학 또는 산업공학 관련 전공 클라우드 환경 경험'],"['SQL', 'R']"
0023_GI48376706_㈜CJ올리브네트웍스 채용 - [경력] Public Cloud FinOps _ 잡코리아,데이터 분석가,㈜CJ올리브네트웍스,"['클라우드 서비스운영 AWS', 'GCP', 'NCP', 'Datadog 등 사용량 및 지출 데이터를 실시간으로 모니터링하고 분석하여 비용 추세와 이상 징후를 파악합니다.', '활용도가 낮은 리소스 식별,적정 크기 조정(right-sizing)제안, 예약 인스턴스(Reserved Instances)또는 절감형 플랜(Savings Plans)활용 등을 통해 지속적인 비용 절감 기회를 식별하고 고객에게 제안합니다.', '비용 및 활용도에 대한 정기적인 보고서를 작성하고,이해 관계자들이 쉽게 현황을 파악할 수 있도록 대시보드 생성 및 자동화 계획을 수립 합니다.']","['FinOps 관련 자격(예:FinOps Certified Practitioner (FOCP)) 보유 AWS자격증 보유 주요 CSP 및 MSP 근무 또는 컨설팅펌 경험', '외국어 활용 능력', 'Office 활용 능력']","['Excel', 'AWS', 'GCP', 'Azure']"
0024_GI48301246_㈜카카오 채용 - Data Analytics Engineer (경력) _ 잡코리아,데이터 분석가,㈜카카오,[],"['Hadoop Ecosystem에서 데이터 업무 경험이 있는 분', '초대용량 데이터 처리 경험이 있는 분', '크고 복잡한 문제를 효율적으로 해결해 본 경험이 있는 분', '업무 자동화나 사용자 편의를 위한 어플리케이션 개발, 운영 경험이 있는 분']","['SQL', 'Python', 'Hadoop', 'Airflow']"
0025_GI48273195_㈜마크로젠 채용 - ㈜마크로젠 Bioinformatics 신입_경력 채용 _ 잡코리아,데이터 분석가,㈜마크로젠,"['NGS데이터분석 (0명) Transcriptome Reseq', 'scRNA-Seq 수주 분석 NGS Raw data 처리 및 Quality Control Analysis Pipeline Development NGS분석', '칩분석', 'Proteomics분석 Omics분석등']",[],"['Python', 'R', 'Git']"
0026_GI48214479_㈜카카오페이 채용 - [어시스턴트] BDA - 데이터 산출 지원 _ 잡코리아,데이터 분석가,㈜카카오페이,['BDA 유저 및 서비스 지표를 모니터링하고 개선안을 탐색해요.'],"['데이터 관련 전공 및 관련 자격증을 보유하고 계시면 더 좋아요.', '앱 서비스 로그 데이터 분석 경험이 있다면 더 좋아요.', 'SQL을 활용한 데이터 추출/분석 실무 경험이 있다면 더 좋아요.']",['R']
0028_GI48208333_㈜미리디 채용 - [미리디] 시니어 데이터 분석가 (Senior Data Analyst) _ 잡코리아,데이터 분석가,㈜미리디,"['""미리디에서 이런 일들을 함께 하고 싶어요""', '제품(Product)·마케팅·사업(Business)데이터를 통합적으로 분석하여 전사 의사결정에 필요한 인사이트를 제공합니다.', '통계 모델링,머신러닝,시뮬레이션 등 Data Science 기법을 적용한 고급 분석을 수행합니다.', '사용자 행동 분석(퍼널,리텐션,세그먼트,코호트)을 통해 제품 성장의 핵심 요인을 도출합니다.', '마케팅 퍼포먼스 분석(MMM,Attribution,캠페인 효과 분석)및 예산 최적화 근거를 제공합니다.', '사업 지표 분석(매출 구조,단위경제,LTV/CAC,리스크·기회 시나리오 분석)을 통한 방향성을 제안합니다.', '실험 설계(A/B 테스트),통계적 유의성 판단,실험 결과 개선 전략을 리딩합니다.']","['고객으로부터 시작하고,고객에 몰입하는 경험:데이터를 통해 고객의 문제를 찾고,고객의 행동을 분석하여 진정한 니즈와 해결책을 찾아내기 위해 노력합니다.', '프로덕트 개선 Full Cycle에 참여:Commerce', 'Subscription', 'Platform 등 여러 도메인의 스퀴드에 참여하여', '다양한 프로덕트 및 시각화 도구 경험:Amplit ude,Databricks,Tableau와 같은 다양한 도구들을 적극적으로 활용하며 최고 수준의 전문성을 지향합니다.', 'I DA팀만의 실험 문화,데커톤(Dakerton)', ""미리디 데이터 분석팀(DA팀)은 매주 한 번,자율적으로 분석 주제를 제안하고 함께 탐구하는'데커톤'을 진행합니다."", '어아이이공바허저몽이이을를 인 인사이트를 도출하는 팀 문화를 만들어가고 있습니다.']","['SQL', 'Python', 'Tableau', 'Google Analytics']"
0030_GI48301579_㈜카카오 채용 - AML 데이터 분석 담당자 (경력) _ 잡코리아,데이터 분석가,㈜카카오,"['AML 데이터 분석 담당 카카오의 다양한 서비스에서 발생하는 결제,정산 거래 데이터를 분석하여 자금세탁이 의심되는 거래 탐지 및 관련 기관 보고 AML팀의 업무 효율 측정 및 대시보드 관리를 통한 지표 관리 Python 등을 활용한 반복 업무 자동화 및 데이터 추출']","['Tableau 등 데이터 시각화 도구 활용에 능숙한 분', 'Python 등을 활용한 자동화 스크립트 작성 경험이 있는 분', 'AML관련 자격증(ACMAS,KCAMS등)을 보유한 분']","['Python', 'Tableau']"
0031_GI48059039_㈜카카오스타일 채용 - 풀필먼트 운영 기획 매니저 _ 잡코리아,데이터 분석가,㈜카카오스타일,"['풀필먼트 운영 기획 매니저 검품 타입별 리드타임을 단축하고 요일별 분산 관리를 통해 CAPA·SLA를 개선해요.', '입고 프로세스 및 가이드 운영을 통해 이슈에 신속하게 대응하고, 공정을 안정화해요.', '물류 시스템을 최적화하여 한 단계 더 고도화된 물류 서비스를 만들어요.', '물류 데이터를 분석하고 대시보드를 운영하며 문제 발굴 및 시스템 개선에 적극 활용해요.', '입고/적치 CAPA 확대 및 효율화를 통해 물량 대응력과 비용 효율성을 확보해요.', '어떤 성장을 기대할 수 있나요?', '물류 프로세스 개선과 신규 프로세스 기획을 통해 물류 효율화를 직접 추진하며, 물류 전문가로 깊이있는 경험을 쌓을 수 있어요.', '배송 서비스를 다양화하고 범위를 확대하는데 기여하며 풀필먼트 시장에서의 압도적인 점유율 확대를 함께 만들어갈 수 있어요.']","['패션 풀필먼트와 이커머스(B2C)산업에 대한 이해도가 높으신 분', 'SQL,Excel 등 OA 및 데이터분석 툴을 능숙하게 다루실 수 있는 분', '투명하고 솔직하게 커뮤니케이션 하며 다양한 유관부서와 원활하게 협업하실 수 있는 분', '주도적으로 문제를 발견하고 해결하는 과정을 즐기시는 분']","['SQL', 'Excel']"
0033_GI48163862_씨제이올리브영(주) 채용 - Data Analytics Engineer _ 잡코리아,데이터 분석가,씨제이올리브영(주),"['Data Analytics Engineer 고객행동로그 기반 데이터 모델 설계 및 분석 친화적 파이프라인 관리', '최적화 서비스 전반 데이터(주문/매출', '마케팅', '고객 등)를 활용한 분석 데이터 제공 고객행동분석 지표 정의 및 관리 체계를 위한 텍소노미 설계', '운영 지표 품질 검증', '정기 점검', '문서화 및 표준화 체계 운영']","['고객행동로그 기반 지표 모델링 및 심층 분석 경험', 'GCP(BigQuery 등 클라우드 환경)에서의 데이터 처리 경험', 'App/Web 데이터 트래킹 구조 및 사용자 식별 체계 이해도 Python,Shell,Airflow 등 자동화 도구 활용 및 데이터 품질 테스트 경험', 'Tableau,Looker, Superset 등 Bl/시각화 도구 활용 경험', '텍소노미 설계·운영 및 지표 관리 거버넌스 구축 경험']","['SQL', 'Python', 'Tableau', 'Looker', 'Superset', 'BigQuery', 'GCP', 'Airflow', 'GA']"
0034_GI48061280_㈜카카오스타일 채용 - 비즈니스 분석가 _ 잡코리아,데이터 시각화 분석가,㈜카카오스타일,"['비즈니스 분석가 전사 차원의 비즈니스 의사결정을 위한 데이터를 분석하고, 도출된 핵심 인사이트를 다양한 조직 및 의사결정권자에게 리포팅해요.', '경영 계획 목표 체계와 실적 데이터를 연계한 분석 프로세스를 구축하고,이를 지속적으로 관리해요.', '전사 및 조직 성과를 평가할 수 있는 지표를 정의하고, 이를 기반으로 모니터링 대시보드를 구축/운영해요.', '비즈니스 분석을 위한 Raw Data를 가공하고 분석용 마트를 구축 및 관리해요.', '어떤 성장을 기대할 수 있나요?', '전사 차원의 넓은 시야에서,데이터를 통한 문제 정의부터 분석과 실행까지 전 과정을 주도적으로 경험할 수 있어요.이를 통해 데이터 분석 역량을 넘어 비즈니스 인사이트를 바탕으로 문제를 해결하는 실질적인 경험을 쌓을 수 있어요.', '이커머스 도메인의 다양한 영역(사업/마케팅/물류 등)의 데이터를 폭넓게 접근하고 분석하며, 특정 영역에 국한되지 않고 전방위적인 데이터 분석 경험을 쌓을 수 있어요.']",[],"['Python', 'Tableau', 'Redash', 'AWS', 'Airflow']"
0035_GI48264819_CJ ENM 채용 - Mnet Plus Data Lead-경력채용 _ 잡코리아,데이터 분석가,CJ ENM,"['Data Analyst 비즈니스 변화에 따라 데이터 리소스를 관리하고,적절한 데이터 분석과 리소스 계획 수립', '데이터분석 파트 내에서 리더십을 발휘하며 팀원들의 멘토링 및 성장 코칭']","['Data driven한 회사에서 함께 일하는 Data 분석 업무를 수행 타부서와 협업해 실제 비즈니스 전략 및 운영에 기여하는 분석 업무를 해본 경험 글로벌 B2C 서비스에서 데이터 분석 경험을 보유한분', '클라우드 환경에서 대용량 데이터 분석 경험을 보유한 분', '캐릭터&성향 직군과 관계없이 어울릴 수 있고,적극적인 커뮤니케이션을 하려고 노력하는 분', '우선순위를 명확히 하여 Resource 대비 최대의 Impact를 만들어 줄 수 있는 분', '나의 팀만을 위한 의사결정이 아닌 사업부 차원의 의사결정을 할 수 있는 분', '사업과 조직의 Stage변화에 맞취 유연하게 사고하고,일하는 방법과 R이le, Formation방식 등에 유연하게 대응할 수 있는 분', '콘텐츠에 대한 진심과 애정으로 콘텐츠을 사랑하며 진정한 덕업일치를 이루고 싶은 분']",[]
0037_GI48355565_㈜엑스모 채용 - 의료 데이터 분석 연구원 (박사급_석사졸업생) _ 잡코리아,데이터 분석가,㈜엑스모,['의료 데이터 분석 연구원'],"['ARPA형/대형 국책과제 참여 및 성과관리 경험', '근골격계/노화/근감소증 관련 연구 및 코호트 분석 경험', '특허/의료기기 인허가(SaMD)·표준(IEC/ISO)대응 경험', 'OMOPCDM/HL7FHIR/DICOM등표준또는데이터 거버넌스 경험', 'SQL, Git, Linux, Docker 기반 분석/개발 파이프라인 구축경험']","['Python', 'R', 'Git']"
0039_GI48042435_㈜이씨마이너 채용 - 빅데이터_AI 컨설턴트 _ 잡코리아,데이터 엔지니어,㈜이씨마이너,"['빅데이터/AI 컨설턴트 (0명) ?분석 목적에 맞는 데이터를 식별하고 데이터 수집 및 가격(Feature Engineering 수행) ?고객사의 니즈를 파악하고 문제 해결에 적합한 분석 설계 ?제조', '공공기관 등의 비즈니스 도메인 관점에서 예측모델 생성', '이미지 분류등 머신러닝/ 딥러닝 수행']",['HY·√'],[]
"0043_GI48372597_㈜리스크제로 채용 - [기술연구소] AI개발 데이터 설계, QA 엔지니어 경력 채용 _ 잡코리아",데이터 분석가,㈜리스크제로,"['자격사항 데이터수집및전처리업무경험 AI모델개발및LLM튜닝경험자 RAG구축경험 데이터설계 (딤장급-치장급이상) 데이터수집,전처리및RAG구축관련총괄및관리']",[],[]
0045_GI48266259_㈜라포랩스(Rapport Labs Inc.)) 채용 - Data Analytics Engineer _ 잡코리아,데이터 분석가,㈜라포랩스(Rapport Labs Inc.)),[],"['커머스 또는 유사 도메인에서 End-to-End 데이터 인프라를 구성해 본 경험이 있으신 분', '데이터 카탈로그 및 품질 관리 도구를 도입하거나 운영해 본 경험이 있으신 분', '데이터 표준화, 모둘화 및 거버넌스 체계 도입을 주도적으로 수행해 보신 분']","['SQL', 'Looker', 'BigQuery', 'Snowflake', 'Kafka', 'Airflow', 'Amplitude']"
0046_GI48361664_㈜다원컨설팅 채용 - (주)다원컨설팅 2026년 분석 신규채용 _ 잡코리아,데이터 분석가,㈜다원컨설팅,[],"['[내근직] 원활한 대인관계와 커뮤니케이션 능력을 갖추신 분', '적극성,책임감,팀워크를 평소 강점으로 지니신 분', '일할때는 즐거운 마음으로 집중하는 분', 'CS응대 또는 서비스직 관련 업무 경험 있으신 분', '성실하고 바른 인성과 배움에 열정을 갖고 있는 분']",[]
0047_GI48033975_플렉스㈜ 채용 - [Platform] Data Engineer (Data Product) _ 잡코리아,데이터 품질·거버넌스 분석가,플렉스㈜,"['Data 이런 일을 함께 하게 됩니다.', 'Product Engineer AI 기반 제품을 위한 데이터 파이프라인을 구축합니다.', 'flex AI Agent를 위한 RAG 시스템을 구축하여,AI가 HR 데이터와 고객의 노션, 슬랙 등 외부 데이터를 효과적으로 검색하고 활용할 수 있는 데이터 파이프라인과 AP를 개발합니 대규모 텍스트 데이터를 분할하고 임베딩하여 벡터 데이터베이스에 저장하는 과정을 자동화합니다.', '둘이어융어위- 보안 메커니즘을 설계하고 구현합니다.', 'People Analytics를 위한 데이터 파이프라인을 구축합니다.', 'HR 리포트에 필요한 다양한 HR 데이터셋을 개발하고 이를 제품에 서빙하기 위한 파이프라인을 개발합니다.', '실시간 데이터 집계를 위한 서빙 AP를 개발하고 운영합니다.', '고객이 신뢰할 수 있는 데이터 제공을 위한 다양한 Data Quality 로직을 구현하고 관리합니다.']","['RAG 시스템 설계 및 구현 경험이 있거나,관련 기술(임베딩,벡터 DB 등)에 대한 이해도가 있으신 분', '외부 API(노션,슬랙 등)를 활용한 비정형 데이터 수집 및 가공 경험이 있으신 분', 'Spring,FastAPI 기반의 API 개발 경험이 있으신 분', 'ElasticSearch,MongoDB 등 NoSQL DB구축 및 활용 경험이 있으신 분', 'k8s 기반의 인프라 활용 경험이 있으신 분']","['Python', 'Athena', 'S3', 'AWS', 'MySQL', 'Spark', 'Kafka', 'Airflow']"
0049_GI48272483_㈜지바이크 채용 - [지쿠] 전략마케팅팀 데이터분석 전문가 경력 채용 _ 잡코리아,데이터 분석가,㈜지바이크,"['데이터 분석 마케팅(O명) 공유모빌리티 운영 데이터 분석 통한 개선점 발굴 및 성과를 도출합니다.', '국내외 담당 지역의 주요 운영 현황 및 각종 지표를 분석하고 개선점을 찾아냅니다.']","['데이터분석을 통한 업무개선 경험 있는 분 영어능통자(해외법인 커뮤니케이션) 기본우대 군전역간부(장교', '부사관)', '학점우수(대졸 4.0이상)', '여군(장교', '컴퓨터활용능력 우수자', '통계분석 우대전공 경영계열', '통계학과', '빅데이터사이언스학과']","['SQL', 'Python', 'R', 'Tableau', 'Google Analytics']"
0050_GI48368005_케리로지스틱스 채용 - [외국계] Integrated Logistics IT 담당 직원 채용 _ 잡코리아,데이터 분석가,케리로지스틱스,"['서버', '네트워크', '방화벽', 'VPN', 'Wi-Fi및 백업 시스템의 운영 및 유지관리 IT 인프라 성능 및 보안 이벤트 모니터링', '장애 및 사고 대응 Microsoft 365', 'Active Directory', '다중요소인증(MFA)및 사용자 접근 권한 라이프사이클 관리']",[],[]
0053_GI48266381_씨제이올리브영(주) 채용 - 데이터플랫폼 설계 및 모델링 담당자 (Data Architect) _ 잡코리아,데이터 엔지니어,씨제이올리브영(주),"['Data Architect GCP Data Lakehouse 설계 주도:GCP BigQuery를 중심으로 데이터 웨어하우스/레이크하우스 아키텍처를 설계하고 구축하는 역할을 담당합니다.', '데이터 모델링 및 표준화: 비즈니스 요구사항을 반영하여 데이터 모델을 설계하고, 데이터 품질 및 일관성 확보를 위한 표준을 수립 및 관리합니다.', '성능 및 리소스 최적화:대규모 데이터 환경에서 쿼리 성능을 최적화하고, 클라우드 리소스를 효율적으로 관리하여 비용 절감에 기여합니다.', '정보보안 및 설계표준:정보보안 기준에 따른 데이터 접근 통제,암호화 정책을 수립하고, 데이터 설계 표준 체계를 구현하여 안전성을 보장합니다.', '협업 및 기술 리더십:Data Engineer,Modeler 등 팀원들과 긴밀히 협력하며, 데이터 플랫폼의 기술 로드맵을 제시하고 발전 역할을 수행합니다.']","['Snowflake,BigQuery 등 Warehouse급 환경을 설계하고 구축 및 운영 경험이 있으신분', '유통 및 이커머스 분야 도메인 지식에 대한 이해를 바탕으로 데이터 모델링 가능 DBMS 아키텍처에 대한 이해를 바탕으로 성능 관점의 물리 모델링 및 SQL 튜닝 가능 Oracle, MySQL, Postgre, AwS Aurora, Google BigQuery 등 다양한 DB 데이터 관리 및 설계 경험이 있으신분', 'GCP Professional Data Engineer 또는 Cloud Architect 등 관련 전문 자격증 보유']","['SQL', 'BigQuery', 'Snowflake', 'AWS', 'GCP', 'Oracle', 'MySQL']"
0055_GI48040132_㈜한컴이노스트림 채용 - (한컴이노스트림) 데이터 시각화 전문가 (Tableau Analyst) 채용 (7년이상) _ 잡코리아,데이터 시각화 분석가,㈜한컴이노스트림,"['Tableau를 활용한 대시보드 및 리포트 설계 및 개발 Tableau 서버 운영,성능 최적화 작업 데이터 마트 설계 및 구현 제안서 작성 및 기술 멘토링 포지션 등']","['클라우드 기반 데이터 엔지니어링(Databricks, Snowf lake 등)수행 경험 있으신 분', 'Salesf orce Tableau 관련 자격증,정보처리기사 자격 보유하신 분']","['SQL', 'Tableau']"
0056_GI48037407_㈜잉카인터넷 채용 - 악성코드 분석 대응 _ 잡코리아,데이터 엔지니어,㈜잉카인터넷,"['악성코드 분석 Windows(32/64bit), Android, Linux']",['컴퓨터 및 시스템 공학 관련 전공 리버스엔지니어링 지식 보유자 악성코드/취약점 분석 경험 다양한 분석 Tool 경험'],['Python']
0058_GI48254137_이씨이십일알앤씨㈜ 채용 - [홈페이지지원] AX팀 팀원 채용(AI 에이전트 개발) _ 잡코리아,데이터 분석가,이씨이십일알앤씨㈜,"['포지션 (1명) AlAgent 설계 및 개발', 'Multi-Agent 워크플로우 설계 및 구현(LangChain', 'LangGraph', 'LangSmith 등 활용) 상용LLM(GPT', 'Claude', 'Gemini등)연계 업무 자동화 시스템 개발 RAG 시스템 구축 및 성능 최적화 FastAPI 기반 백엔드 API 개발 및 운영']","['Python언어 활용 능숙 Al Agent 개발 경험(LangChain, LangGraph, LangSmit h 등)', 'RAG 파이프라인 구현 경험', '바이브 코딩으로 1개 이상의 프로젝트나 서비스 개발 경험', 'Multi-Agent 오케스트레이션 설계 및 운영 경험', 'FastAPI,Flask 등Python 웹 프레임워크경험', 'Streamlit 활용 웹앱 개발 경험', 'Docker,Kubernetes등컨테이너 기반배포 경험', '프름프트 엔지니어링 및 LLMFine-tuning 경험']","['MySQL', 'PostgreSQL']"
"0059_GI48376784_㈜공감데이터 채용 - 데이터 컨설턴트, 데이터 솔루션 개발자 경력 및 신입사원 모집 _ 잡코리아",데이터 분석가,㈜공감데이터,[],"['BPR/ISP(정보화 전략) 유 경험자 공공데이터 및 빅데이터 컨설팅 경험', '문서 작성 및 발표 능력', '공공데이터 품질 진단 및 개선 경험']","['SQL', 'Python', 'R', 'SAS', 'Tableau']"
0064_GI48367025_㈜지에프씨코리아 채용 - AI 학습데이터 품질 검증 및 학습 방향 설계 전문가 채용 _ 잡코리아,데이터 분석가,㈜지에프씨코리아,"['포지션(1명) AI 학습데이터 품질 검토 및 학습 적합성 평가 데이터 분석을 기반으로 한 학습 전략 및 방향성 제시 데이터 보완', '개선 방안 및 추가 수집 필요 데이터 정의 데이터 분석']","['AI 모델 학습 프로젝트에서 데이터 검증·기획 역할 경험', '데이터 컨설팅,AI 품질관리,데이터 평가 관련 업무 경험', '데이터 분석·학습·검증 프로세스를 총괄 또는 리딩한 경험']",['Python']
0068_GI48341811_㈜씨아이솔루션 채용 - SK 계열사 침해분석가(EDR) 경력 직원 채용 _ 잡코리아,데이터 분석가,㈜씨아이솔루션,"['포지션 (1명) SK계열사 상주근무 EDR 을 이용한 엔드포인트 보안 이상 행위 모니터링 및 침해 사고 분석 악성코드 분석,행위 기반 탐지 및 대응 디지털 포렌식 분석 및 보고서 작성 보안 위협 대응 프로세스 운영 및 개선']",[],[]
0070_GI48279968_㈜다날 채용 - [Data기술팀] BE 개발자(DB 프로시져 개발) _ 잡코리아,데이터 분석가,㈜다날,[],"['MSSQL,Oracle데이터베이스 쿼리 튜닝 및 인덱스 설계 경험', 'MSSQL,Oracle 실행 계획(Query Plan)분석 및 개선 경험', '트랜책션 처리 시스템 개발 또는 데이터 아키텍처 설계 경험']","['Oracle', 'MySQL', 'PostgreSQL']"
0071_GI48323321_㈜지에프씨코리아 채용 - AI 추천 엔진 고도화 및 신규 모델 연구 개발자 _ 잡코리아,데이터 분석가,㈜지에프씨코리아,"['AI개발자(1명) 답러닝 기반 추천 모델의 성능 개선 및 최적화 모델 아키텍처 실험', '하이퍼 파라미터 튜닝 및 학습 기법 개선 대안 모델 아키텍처 설계 및 PoC 개발 AP를 통한 데이터 파이프라인 구축 및 데이터 정제', '이상치 처리', '결측치 보정 GPU 최적화 및 학습속도 및 리소스 효율성 개선']","['PyTorch 기반 딥러닝 모델 개발 및 최적화 경험 TorchRec,TFRS 등 추천 시스템 관련 프레임워크 사용 경험']","['PostgreSQL', 'PyTorch', 'TensorFlow']"
0072_GI48262661_더퍼스트평생교육원 채용 - [신입_경력] 평생교육원 교육운영팀 직원을 모집합니다. _ 잡코리아,데이터 분석가,더퍼스트평생교육원,[],"['컴퓨터공학과 졸업자 평생교육사 자격증 보유자 기본우대 컴퓨터활용능력 우수자,평생교육사 자격증 보유자,컴퓨터공학과 졸업자']","['MySQL', 'R']"
0074_GI48146789_주식회사 바이브컴퍼니 채용 - [세종] 정책홍보지원시스템 운영 유지보수 계약직 채용 _ 잡코리아,데이터 분석가,주식회사 바이브컴퍼니,[],"['웹서비스 구조 구축 및 데이터베이스 운영 경험이 있으신 분', '공공기관 시스템 유지보수 운영 경험이 있으신분', '바이브컴퍼니의 A를 기반으로 한 공공 및 타 기관 연구 사업,SI사업 및 SM 등의 사업을 수주하고 수행 업무를 담당합니다.']","['SQL', 'Python', 'R']"
0075_GI48302525_㈜블록스퀘어랩스 채용 - 데이터 분석 및 관리자 채용(정규직) _ 잡코리아,데이터 분석가,㈜블록스퀘어랩스,"['알고리즘 사업부 데이터 무|군누 데이터 분석을 위한 실험설계, 가설 검증 등 통계 분석 (0명) 데이터 자료 수집 및 분석업무 알고리즘 개발']","['컴퓨터공학, 통계학 관련 전공']","['SQL', 'Python', 'R', 'Excel']"
0077_GI48326354_㈜제이앤에이치알컴퍼니 채용 - 데이터 분석 및 시스템 개발자 정규직 채용 _ 잡코리아,데이터 엔지니어,㈜제이앤에이치알컴퍼니,"['데이터 분석 및 시스템 개발(1명)', '?Python및 MS Excel을 활용한 설문시스템 셋팅 ?설문분석 결과 산출된 Raw data(excel)를 Python을 활용해 데이터 분석 진행 ?분석된 데이터 기반 자동화 보고서 작성(Excel 기반의 보고서 작성 ->pdf 형태로 최종 산출물 납품)', '?Python을 활용한 설문 시스템 개발(진단 시행하는 고객사 요청에 맞도록 대응)']",['?Python을 활용한 시스템 개발 경험 우대 ?HR 관련 업계 종사자 ?다면진단 관련 시스템 개발 및 운영 경험 우대'],"['Python', 'Excel']"
0078_GI48234851_㈜아이스크림에듀 채용 - [아이스크림에듀] 경영정보(RPA) 운영 담당자 채용 _ 잡코리아,데이터 분석가,㈜아이스크림에듀,[],"['경험:Docker container 관련 유경험자 역량:자동화 구현을 위한 프로세스 분석 능력 보유자 문제를 데이터 기반으로 분석할 수 있고,개선점 도출하는 문제해결 능력 보유자']",[]
0083_GI48154836_㈜아이도트 채용 - [AIDOT] 의료 영상 기반 인공지능 연구개발 채용(책임연구원_팀장급) _ 잡코리아,데이터 엔지니어,㈜아이도트,[],"['컴퓨터공학,전자공학 또는 관련 분야의 석사 이상 학위를 보유하신 분', '의료 영상 데이터 분석 및 AI 모델 개발 경험이 있으신 분', 'AI 관련 주요 학회 및 저널에 게재된 논문에 주요 저자로 참여하신 경험이 있으신 분', 'AI관련 Competition에서 실적이 있으신 분', '실제 서비스에서 AI 모델 구축 및 배포 경험이 있으신 분', 'AI 모델 경량화 및 최적화 경험이 있으신 분', 'Open source contribution 경험이 있으신 분', '영어 회화 가능하신 분']",['Python']
0084_GI48331009_㈜야놀자 채용 - Global Sales Strategy & Operations Senior Analyst _ 잡코리아,데이터 분석가,㈜야놀자,"['주요 글로벌 영업 성과 지표를 정의', '세일즈', '마케팅', '재무 등과 협업']","['3년+이상의 영업 데이터 분석 관련 경험 방대한 데이터를 분석해 인사이트를 도출하고,이를 효과적으로 시각화해 전달할 수 있는 능력 MS 오피스 및 구글시트 활용에 능숙하신 분', 'Looker Studio,Tableau 등 분석툴 및 시각화에 대한 높은 이해도가 있으신 분', 'B2B 영업 효율성 분석 경험,forecasting 및 funnel reporting를 경험해 보신 분', 'Proficiency in both oral & written English communication B2B 영업 시스템 사용 경험 및 이해(Salesf orce,Gong,etc.)가 높으신 분', '컨설팅이나 뱅킹 business analyst 경험이 있으신 분', '글로벌 B2B Tech 기업 영업 관리 경험이 있으신 분', 'B2B 영업 Tech 솔루션에 대한 풍부한 경험이 있으신 분', '여행 산업에 대한 이해도가 있으신 분']","['Tableau', 'Looker']"
0085_GI48338543_유한회사 월터워커 채용 - Walter Walker Group - AI 기반 하드웨어 연동 소프트웨어 개발자 _ 잡코리아,데이터 사이언티스트,유한회사 월터워커,['Sensor Interfacing & Data Pipeline 센서 장비와 소프트웨어 간의 연동 인터페이스 개발 하드웨어 SDK/AP를 활용한 실시간 데이터 수집 및 클라우드 전송 시스템 구축 AI Analytics & Modeling 수집된 센서 데이터를 기반으로 인체 동작 및 운동 역학을 분석하는 AI 모델 설계 사용자의 움직임을 예측하고 진단을 보조하는 머신러닝/딥러닝 알고리즘 개발 Integrated Platform Development 센서 연동 프로그램 및 분석 결과를 시각화하는 UI/UX 개발'],[],"['Python', 'PyTorch', 'TensorFlow', 'R']"
0086_GI48305316_에쓰오씨소프트㈜ 채용 - 금융기관 빅데이터 플랫폼 데이터 운영인력 모집 _ 잡코리아,데이터 시각화 분석가,에쓰오씨소프트㈜,"['포지션 (0명)', 'IBM DataStage 운영 DataStage를 활용한 신규 데이터 수집 및 JOB설계,개발 및 수정 스케줄링 관리 및 인터페이스 모니터링', '수집데이터와의 정합성 확인 및 마트 데이터 검증 데이터 오류발생시 원인분석 BI솔루션을 이용한 신규 리포트 생성 및 수정']",[],"['Python', 'PyTorch', 'SQL']"
0087_GI48203354_유니슨㈜ 채용 - 풍력자원 및 연간발전량(AEP) 분석 담당자 채용 _ 잡코리아,데이터 엔지니어,유니슨㈜,[],"['풍력단지 배치 및 연간 발전량 분석 보훈대상자 장애인 컴퓨터활용능력 우수자 영어가능자 해외근무 가능자 유관업무 경험자(인턴·알바)', '오전8시 00분~오후5시 00분 기본우대 장애인', '영어가능자', '컴퓨터활용능력 우수자', '유관업무 경험자(인턴', '알바)', '보훈대상자 이 기업과 나의 적합도 체크 핵심 역량 계획성 회사에서 중요하게 생각하는 역량과 가치가 나와 맞는지 알아보기 적응성 성취지향성 협동심']",[]
0088_GI48208355_㈜미리디 채용 - [미리디] 애널리틱스 엔지니어 (Analytics Engineer) _ 잡코리아,데이터 엔지니어,㈜미리디,"['""미리인은 충분히 소통하고,데이터 기반으로 실행하여 높은 기준으로 목표를 달성합니다.""', '미리디의 다양한 데이터가 안정적으로 활용될 수 있도록 분석 친화적인 데이터 모델과 마트를 설계하고,신뢰도 높은 데이터 파이프라인을 구축할 전문가 를 모십니다.', '분석 요구사항을 기반으로 Fact/Dimension/Feature Mart 등 분석용 데이터 모델을 설계하고 구축합니다.', '데이터 정합성 검증,스키마 관리,메타데이터 관리 등 분석 신뢰도를 높이기 위한 품질 체계를 수립합니다.', 'Databricks,Lakehouse 기반의 데이터 엔지니어링 모범사례를 도입하고 분석 환경을 최적화합니다.', 'DA,PM,마케팅 등 유관 조직과 협업하여 이벤트/로그 수집 구조를 설계하고,분석 친화적인 형태로 정제합니다.', 'Business Glossary 를 관리합니다.']","['""이런 분이라면 장기적으로 서로에게 더 긍정적일 것 같아요!"" 회계,경영,통계 관련 전공 학사 이상(또는 이에 준하는 실무 경험 보유)의 학위를 보유한 분', 'ERP,회계 시스템 등 재무 관련 시스템의 데이터 구조에 대한 깊은 이해 및 연동 경험이 있는 분', 'Python/Spark 등을 활용한 데이터 처리 자동화 파이프라인 구축 경험이 있는 분']","['SQL', 'Python', 'Tableau', 'Athena', 'S3', 'Spark', 'dbt', 'GA', 'Google Analytics', 'Amplitude']"
0089_GI48193527_세리정보기술㈜ 채용 - 금융업무 시스템 SI개발 및 운영자 모집(경력) _ 잡코리아,데이터 분석가,세리정보기술㈜,[],['?금융권 프로젝트 경험자 우대 ?데이터베이스 관리 경험자 환영 ?고객 중심 서비스 마인드 보유'],['SQL']
0090_GI48348311_주식회사 지피홀딩스 채용 - 지피홀딩스그룹 채용공고 AI 개발부 IT 기획자 경력직 _ 잡코리아,데이터 분석가,주식회사 지피홀딩스,"['AI 개발부 IT 기획자 (2명) A를 활용한 법률 서비스 및 솔루션의 기획/운영을 담당합니다.', '법률 현업 실무자(변호사,법무팀 등)의 Pain Point 를 분석하고 요구사항을 도출하여 개발팀에 전달하는 브릿지 역할을 수행합니다.', '법률 AI 서비스의 전체 프로젝트 일정 관리 및 경영진 보고를 담당합니다.', 'B2B 법률 AI 솔루션 사업의 서비스 기획 전반을 리드합니다.', 'AI 기반 법률 서비스/솔루션 기획 및 운영 법률 현업 실무자 인터뷰 및 대표이사 인터뷰 및 요구사항 수집', '문서화 요구사항 기반 기능 정의서', '화면설계서 작성('Figma', 'PPT' 등 활용)']",[],['Excel']
"0091_GI48033963_플렉스㈜ 채용 - [Platform] Data Engineer (Data Product, Data Analytics) _ 잡코리아",데이터 분석가,플렉스㈜,"['Data 이런 일을 함께 하게 됩니다.', 'Product Engineer AI 기반 제품을 위한 데이터 파이프라인을 구축합니다.', 'flex AI Agent를 위한 RAG 시스템을 구축하여,AI가 HR 데이터와 고객의 노션, 슬랙 등 외부 데이터를 효과적으로 검색하고 활용할 수 있는 데이터 파이프라인과 AP를 개발합니 대규모 텍스트 데이터를 분할하고 임베딩하여 벡터 데이터베이스에 저장하는 과정을 자동화합니다.', '보안 메커니즘을 설계하고 구현합니다.', 'People Analytics를 위한 데이터 파이프라인을 구축합니다.', 'HR 리포트에 필요한 다양한 HR 데이터셋을 개발하고 이를 제품에 서빙하기 위한 파이프라인을 개발합니다.', '실시간 데이터 집계를 위한 서빙 AP를 개발하고 운영합니다.', '고객이 신뢰할 수 있는 데이터 제공을 위한 다양한 Data Quality 로직을 구현하고 관리합니다.']","['RAG 시스템 설계 및 구현 경험이 있거나,관련 기술(임베딩,벡터 DB 등)에 대한 이해도가 있으신 분', '외부 API(노션,슬랙 등)를 활용한 비정형 데이터 수집 및 가공 경험이 있으신 분', 'Spring,FastAPI 기반의 API 개발 경험이 있으신 분', 'ElasticSearch,MongoDB 등 NoSQL DB구축 및 활용 경험이 있으신 분', 'k8s 기반의 인프라 활용 경험이 있으신 분', '데이터 분석가 혹은 그에 준하는 역할로 데이터 시각화 및 리포트 경험이 있으신 분', '유저 행동 로그 설계 및 관리 경험이 있으신 분', '데이터 품질 관리를 위한 다양한 도구 개발 경험이 있으신 분']","['SQL', 'Python', 'Redash', 'Athena', 'S3', 'AWS', 'MySQL', 'Spark', 'Kafka', 'Airflow']"
0094_GI48320386_㈜이글루코퍼레이션 채용 - [인프라사업본부] 인공지능 모델 운영 및 데이터 분석 전문가 채용(대전) _ 잡코리아,데이터 분석가,㈜이글루코퍼레이션,['웹로그데이터 수집 및 분석 웹해킹 분야 보안 시나리오 생성 및데이터 상관분석 보안 로그 분석 및 자동대응 정책 관리사이버침해(DDoS) 분석 및 대응 취약점 분석 및 보안규칙 개발정보보호시스템 운영'],['기본우대'],[]
0096_GI48318179_삼양라운드스퀘어㈜ 채용 - [삼양식품] Global Biz. Management 매니저 _ 잡코리아,데이터 시각화 분석가,삼양라운드스퀘어㈜,[],"['경영학,경제학 전공자 또는 관련 자격 소지자 다국적 업무 협업 경험이 있으신 분']",['Tableau']
0097_GI48096851_스페이스시프트 채용 - AI 마감재 플랫폼기반 고객 맞춤형 공간 코디네이터 모집 _ 잡코리아,데이터 분석가,스페이스시프트,"['물량확인', '재고파악', '스팩북제작', '샘플보드 제작', '견적서 작성)']","['스타트업 씬에서 다양한 마케팅(퍼포먼스,CRM,콘텐츠 등)을 경험한 분', '다양한 가설을 통한 마케팅 액션과 배움으로 지표 개선에 성과를 창출했던 경험이 있는 분', '국내 그로스 성공 사례를 스터디 및 적용한 경험이 있는분', '콘텐츠,디자인,프로그램 개발 부서와 커뮤니케이션 경험이 있으신 분']","['Python', 'Excel', 'Tableau', 'Google Analytics']"
0100_GI48181531_국가정보원 채용 - 2026년 상반기 정기공채 대외 공고문 _ 잡코리아,데이터 분석가,국가정보원,[],"['외국어 [영어] TOEIC [영어]TEPS [영어]FLEX영어 자격증 한국사능력검정시험 2급,컴퓨터활용능력 1급,컴퓨터시스템응용기술사 이 기업과 나의 적합도 체크 핵심 역량 계획성 회사에서 중요하게 생각하는 역량과 가치가 나와 맞는지 알아보기 적응성 성취지향성 협동심 무문문']",['R']
0106_GI48165510_㈜아이도트 채용 - [AIDOT] 의료 영상 기반 인공지능 연구개발 채용(선임연구원) _ 잡코리아,데이터 분석가,㈜아이도트,[],"['컴퓨터공학,전자공학 또는 관련 분야의 석사 이상 학위를 보유하신 분', '의료 영상 데이터 분석 및 AI 모델 개발 경험이 있으신 분', 'AI 관련 주요 학회 및 저널에 게재된 논문에 주요 저자로 참여하신 경험이 있으신 분', 'AI 관련 Competition에서 실적이 있으신 분', '실제 서비스에서 AI 모델 구축 및 배포 경험이 있으신 분', 'AI 모델 경량화 및 최적화 경험이 있으신 분', 'Open source contribution 경험이 있으신 분', '영어 회화 가능하신 분']",['Python']
0109_GI48299385_아타드㈜(ATAD Corp. 채용 - [인공지능] LLM 개발자 [주니어] _ 잡코리아,데이터 사이언티스트,아타드㈜(ATAD Corp.,['데이터 파이프라인 설계 및 구현 경험이 있으신 분 면접일정은 추후 통보됩니다.'],[],"['SQL', 'Python', 'AWS', 'Kafka', 'PyTorch', 'TensorFlow']"
"0111_GI48353311_㈜숲(SOOP CO., LTD.) 채용 - [SOOP] 데이터 분석 엔지니어 (Data Analytics Enginner) _ 잡코리아",데이터 시각화 분석가,"㈜숲(SOOP CO., LTD.)",[],"['A/B테스트,퍼널분석,고객세분화 등 자신만의 분석 프레임워크를 가지고 가설수립 및 검증하는데 익숙하신 분 (분석 역량)', '(이기 저량이기이을이이이 우을릉을커/능/기마ㄷ우용운말이는이해루위군누ㅋ이 영향력을 발휘해 본 경험을 보유하신 분 (커뮤니케이션 역량)', '라이브스트리밍,VOD,콘텐츠/미디어 산업에 대한 높은 이해도를 보유하신 분', '이품매위이애야허위이에위라에을융 머신러닝/통계 모델을 활용하여 사용자행동 예측,이상 탐지등 실제 비즈니스 문제 해결에 기여해 본 경험을 보유하신 분', '데이터 분석 교육프로그램 기획,운영 경험을 보유하신 분', '자동화를 통한 업무 효율화 경험을 보유하신 분', 'AI활용능력과 서비스 적용 경험을 보유하신 분', '근무요일/시간:주5일/7시간근무']","['Tableau', 'Superset', 'Redash']"
0114_GI48347451_㈜에이원대부캐피탈 채용 - 통계 및 금감원업무 직원 경력자 모집 _ 잡코리아,데이터 분석가,㈜에이원대부캐피탈,[],['공통사항 연연리연운위 금융감독원 해외여행 결격사유가 없는자 대부업 및 금융업권 통계 경험자 우대 매각업무 경험자 우대 보고서작성 개인신용상 결격사유가 없는자 매각업무 경험자 우대'],[]
0115_GI48298584_㈜코리아인 채용 - [전남나주시_중견기업] 광주영업소 물류팀 영업지원 직원 채용 (신입환영) _ 잡코리아,데이터 분석가,㈜코리아인,[],"['기본우대 인근거주자', '컴퓨터활용능력 우수자', '차량소지자', '운전가능자', '유관업무 경험자(인턴', '알바)', '지방근무 가능√ 자격증 전산회계 1급', '컴퓨터활용능력 2급']","['Excel', 'SAS']"
0116_GI48152915_㈜에스더블유엠 채용 - [SWM]자율주행 AI데이터 품질·표준 개발자 신입_경력 인재 모집 _ 잡코리아,데이터 엔지니어,㈜에스더블유엠,"['자율주행 AI데이터 자율주행 AI 학습', '평가용 대규모 데이터셋의 품질 검증 체계 설계 품질 표준 개발 라벨 품질 검증', '이상치 탐지', '누락/오표기 검출 등 데이터 품질 향상 알고리즘 개발']","['자율주행,로보틱스,컴퓨터비전 기반 데이터셋 구축 경험', 'Annotation pipeline,Data curation tool,Label QA 시스템개발 경험', '데이터 검증 자동화를위한 ML/DL 기반anomaly detection경험', '분산데이터처리(PySpark,Ray,Dask등)경험', '데이터 플랫폼/데이터 엔지니어링 경험', 'JSON/Avro/Parquet 등 포맺 설계 경험', 'AWSS3,GCP,Azure 등 클라우드 기반 데이터 관리 경험', 'MLOps,MLlifecycle관리경험']","['SQL', 'R', 'GCP', 'Azure', 'Git']"
0117_GI48152940_㈜에스더블유엠 채용 - [SWM]자율주행 AI모델 평가·릴리즈 개발자 신입_경력 인재 모집 _ 잡코리아,데이터 엔지니어,㈜에스더블유엠,['자율주행 AI모델 자율주행 AI 모델의 성능평가 체계 설계 및 자동화 시스템 개발 평가 릴리즈 개발 다양한 주행 시나리오 기반 정량/정성 평가 지표 설계 및 모델 검증 로직 개발'],"['자율주행 실차 또는 시율레이터(Carla', 'LGSVL', 'AVSimulation 등)기반 테스트 경험 모델 경량화', '런타임 최적화', '멀티스레드/멀티프로세스 기반 고성능 시스템 개발 경험 모델 평가 자동화 시스템 개발 경험(CI/CD', 'RegressionTest 등)', '대규모 ML 학습/평가 파이프라인 구축 경험', 'SOTIF,ISO26262 등 안전규격 기반 검증 업무 경험']","['R', 'PyTorch', 'Git']"
0119_GI48300704_㈜신세계아이앤씨 채용 - ㈜신세계아이앤씨 경력채용 _ 잡코리아,데이터 분석가,㈜신세계아이앤씨,[],"['O SAP HANA 버전 경험자 이어카운팅솔루션 경험자 OEAl(PO)', 'Interface 경험자 O 유통 업무운영 경험자 데이터베이스 성능 모니터링 및 장애 O대고객시스템 DB 운영 경험(Oracle,MySQL)', 'ONoSQLDB운영경험', 'OAWS Cloud 환경 이해 및 경험', '주도적인 자세 및 문제 해결 능력', '데이터 표준화 경험', '(동향)관리 대기업 보안조직 구성원으로 정보보안 거버넌스, O보안 의사결정 기구(협의체)기획/운영 보안진단,위험관리 기획/수립 경험자 O관리체계 인증심사(ISMS,ISO27001)대응 경험', '보안솔루션의 대내외 보안 수검 대응 OM365 관련 자격증 보유자 O정보보호 관리체계 인증심사(ISMS,ISO 27001)']","['SQL', 'Oracle', 'MySQL']"
0121_GI48292862_㈜트리노드(TreenodInc.) 채용 - [서울_경력 3년 이상] 데이터분석팀 데이터분석가 _ 잡코리아,데이터 분석가,㈜트리노드(TreenodInc.),"['데이터 분석 및 전략 리딩 게임 내 로그 데이터를 분석하여 트렌드,유저 행동 패턴,개선 포인트를 도출하고 전사 전략 방향에 기여합니다.', 'KPI 기반의 핵심 지표를 설계·관리하며 주요 지표의 변화를 추적·분석합니다.', '신규 기능 및 개선 요소의 효과를 실험 설계부터 검증,리포트 전달까지 end-to-end로 수행합니다.', '대시보드 개발 및 데이터 제공 반복되는 데이터 수요를 자동화하고 주요 지표를 체계적으로 관리할 수 있는 대시보드 체계를 설계·운영합니다.', 'Tableau,Mixpanel 등 시각화 도구를 활용하여 실무 팀이 손쉽게 데이터를 조회할 수 있도록 구성합니다.', '타 부서 요청에 따라 데이터 추출·가공 작업을 수행하고,데이터 활용 효율성을 높일 수 있는 방안을 제안합니다.', '모델링 및 유저 세그먼트 유저 이탈 예측 모델을 설계·운영·검증합니다.', '유저 특성을 기준으로 세그먼트를 정의하고,각 그룹별 행동 패턴 및 전환율을 분석합니다.']",[],"['SQL', 'Python', 'R', 'Tableau', 'AWS', 'GCP', 'Hadoop', 'Mixpanel']"
0122_GI48311477_㈜새로피엔엘 채용 - ㈜새로피엔엘 IT기획_정보보호직원 모집안내 _ 잡코리아,데이터 분석가,㈜새로피엔엘,[],"['CPPG 등) 인근거주자 우대 클라우드 기반 시스템 기획/이전 경험 ERP', 'CRM', '쇼핑몰 기획/도입/운영 경험 근무 조건 기본우대']",[]
0125_GI48346785_(재)울산정보산업진흥원 채용 - 울산정보산업진흥원 2026년 1차 직원 채용 공고 _ 잡코리아,데이터 분석가,(재)울산정보산업진흥원,"['※응시원서', '자기소개서', '직무수행계획서', '개인정보동의서 상 서명필수 ※본인의 출신지', '출신학교', '가족의 직업 등 직', '미흡할 경우 보완자료를 요구할 수있습니다.', '이우야어우위이이']","['기본우대 국가유공자,장애인']",[]
0128_GI48233792_㈜더블유게임즈 채용 - 데이터 분석가 (경력) _ 잡코리아,데이터 분석가,㈜더블유게임즈,"['KP 지표에 대한 대시보드 기획 및 데이터 마트 설계 게임의 성과 지표 산출,이를 통한 방향성 및 전략 제시 유저 LTV 및 마케팅 ROAS 분석 등을 통한 게임 성능 평가 및 원인 분석 게임 이해를 바탕으로 한 정기적인 데이터 분석 결과 보고서 작성']","['통계 및 데이터 분서 관련 전공하신 분', 'MySQL 및 AWS Redshift 사용 경험하신 분', 'Q7.면접은 어디서,어떤 방식으로 진행되나요?', '이을배어이 V 필요 시 화상면접으로 대체될 수 있습니다.', '기본우대 국가유공자,장애인,보훈대상자 외국어 [영어] TOEIC [영어] TOEFL(PBT) [영어] TOEIC(Speaking)']","['SQL', 'Python', 'R', 'Excel', 'Redshift', 'AWS', 'MySQL']"
0129_GI48242103_메가존클라우드㈜ 채용 - Data Analyst 채용 _ 잡코리아,데이터 분석가,메가존클라우드㈜,[],"['""프롬프트 성능 모니터링 시스템 연구 클라우드 비용 분석 경험', 'A/B 테스트 프레임워크 구축 머신러닝 모델 개발 경험', '증강분석 시스템 개발 자동 인사이트 생성 모델 대규모 데이터 처리 경험', '예측 분석 자동화 실시간 이상 탐지 시스템 연구 n8n,Zapier등 자동화 도구 사용 경험']","['SQL', 'Python', 'R', 'AWS', 'GCP', 'Azure']"
0130_GI48162122_메가존클라우드㈜ 채용 - [메가존클라우드] Data Analyst _ 잡코리아,데이터 분석가,메가존클라우드㈜,[],"['및 데이터 분석 데이터 분석 및 새로운 가치 창출 Business 데이터 분석 경험', '자동화 및 AI 활용 경험']","['SQL', 'Python', 'R', 'Tableau', 'Looker', 'AWS', 'GCP', 'Azure']"
0131_GI48368161_㈜컴투스 채용 - [컴투스] 게임데이터 분석가 (신입_경력) _ 잡코리아,데이터 분석가,㈜컴투스,[],"['대용량 로그 데이터 처리 및 분석 경험', '게임 데이터 분석 또는 라이브 서비스 게임 분석 경험', '통계/수학/산업공학/데이터 분석 관련 전공 기획 문서 또는 분석 리포트 작성 경험']",['Python']
0132_GI48301641_㈜어센트코리아 채용 - 마케팅 데이터 분석가(신입) _ 잡코리아,데이터 분석가,㈜어센트코리아,"['마케팅 데이터 분석가 신입(O명) 1.데이터 시스템 구축 및 운영', 'AI 답변 데이터 추출 및 관리 시스템 구축:ChatGPT', 'Gemini 등 주요 생성형 AI 모델의 답변 데이터를 주기적으로 추출', '메 타데이터 태깅(Tagging)하는 프로세스 및 DB(Firestore 등)설계 및 운영 주도.', '데이터 수집(Web Crawling),전처리, 분석 자동화를 위한 Python 활용.', '대규모 데이터셋 관리 및 복잡한 퀴리 작성을 위한 SQL/엑셀 활용 2.심층 분석 및 인사이트 도출', '보고서 작성 및 전략 제안:수집한 데이터를 기반으로 키워드를 체계적으로 분류하고', '도출된 인사이트를 바탕으로 보고서를 작성 하여 고객사에 전략 제안 웹 분석 데이터(유입']","['영어(회화/작문)이 가능하신 분.', 'Tableau,QuickSight 등 주요 Bl 도구 분석/시각화 경험이 있는 분.', '이커머스 또는 글로벌 가전/IT 산업 분야의 마케팅 데이터 분석 경험 우대.']","['Excel', 'Google Analytics', 'SQL', 'Python', 'Tableau']"
0133_GI48363488_㈜에센시아랩 채용 - AI 기반 플랫폼 데이터 분석가 채용 _ 잡코리아,데이터 분석가,㈜에센시아랩,[],['관련 학과 전공자 기본우대 이 기업과 나의 적합도 체크 핵심 역량 계획성 회사에서 중요하게 생각하는 역량과 가치가 나와 맞는지 알아보기 적응성 성취지향성 협동심 무문문'],['Python']
0134_GI48369251_㈜스푼랩스 채용 - Business Data Analyst (5년 이상) _ 잡코리아,데이터 분석가,㈜스푼랩스,"['성과 측정 및 분석 신규 서비스/기능 성과 측정용 지표 정의 및 트래킹 설계 사용자행동 분석(코호트', '퍼널)을 통한 전환율 개선 포인트 발굴 전사 및 주요 서비스의 성과 지표 기획 및 모니터링 체계 구축 실험 설계 및 해석 비즈니스 가설 검증을위한 A/B 테스트설계', '결과 분석 통계적 검정 및고급 분석기법을 활용한 인사이트도출 비즈니스 의사결정을위한 인사이트발굴 경영진 및 각 부서의 의사결정을 위한데이터 기반 리포트 작성 KPI 모니터링 및 원인분석 데이터 품질관리 및 거버넌스 체계 구축 이벤트 로깅 체계(Taxonomy)설계 및관리 데이터정합성검증']",[],"['Python', 'R', 'AWS']"
0135_GI48369249_㈜스푼랩스 채용 - Business Data Analyst (2-5년) _ 잡코리아,데이터 분석가,㈜스푼랩스,"['성과 측정 및 분석 신규 서비스/기능 성과 측정용 지표 기획 및 모니터링 전사 및 주요 서비스의 성과 지표 모니터링 사용자행동 분석(코호트,퍼널)을 통한 전환율개선 포인트발굴 데이터품질관리 및거버넌스 이벤트 로깅 체계(Taxonomy)관리 데이터정합성 검증 비즈니스의사결정을위한 인사이트발굴 KPI 모니터링및 리포트 작성 데이터 기반 개선 방향제안 실험설계 및 해석 A/B테스트 실행 및 결과 해석 테스트 결과 기반 인사이트 도출 및 후속 실험 제안']","['스푼랩스 공식 홈페이지 스푼랩스 문화 블로그 스푼랩스 테크 블로그 스푼랩스 링크드인 스푼랩스 인스타그램 2[몰입하고', 'AWS re:Invent', 'Digital Marketing Summit', '더 나은 방향으로 스스로 성장하는 사람들이 함께 모인 팀입니다.', '[일하는방식] 몰입과실행의 밀도를높이기위해 해외 법인에서 근무하는오피스 익스체인지 프로그램 창의적몰입을위한워케이션프로그램 오전 8시~10시 사이 자유롭게 출근하는 자율출근제 이애우우위우 극위룸우농룸허긍영 우리는 더 깊이,함께 몰입할 수 있는 환경을 선택합니다.', '[함께하는팀을위한 환경]치열하게 일한만큼, 서로를행기기 위해 함께해 주셔서 감사해요!', '고급안마의자,게임기,다트, 탁구대구비 치열하게 일한 만큼, 재충전도 중요하니까.우리는 일하는 순간뿐 아니라, 그 사이사이도 함께 고민합니다.']","['Python', 'R', 'Excel', 'AWS']"
0136_GI48301120_㈜어센트코리아 채용 - 마케팅 데이터 분석가(GEO_LLM) _ 잡코리아,데이터 분석가,㈜어센트코리아,"['마케팅 데이터 분석가(O명) 1.데이터 시스템 구축 및 운영', 'AI 답변 데이터 추출 및 관리 시스템 구축:ChatGPT', 'Gemini 등 주요 생성형 AI 모델의 답변 데이터를 주기적으로 추출', '메타데이터 태깅(Tagging)하는 프로세스 및 DB(Firestore 등)설계 및 운영 주도.', '데이터 수집(Web Crawling)', '전처리', '분석 자동화를 위한 Python 활용 대규모 데이터셋 관리 및 복잡한 퀴리 작성을 위한 SQL/엑셀 활용 2.심층 분석 및 인사이트 도출 얼이위성 얼이럼얼리 성하여 고객사에 전략 제안 웹 분석 데이터(유입', '사용자 행동)심층 분석 및 보고서 작성']","['영어(회화/작문)이 가능하신 분.', 'Tableau,QuickSight 등 주요 BI 도구 분석/시각화 경험이 있는 분.', '이커머스 또는 글로벌 가전/IT 산업 분야의 마케팅 데이터 분석 경험 우대.']","['Excel', 'Google Analytics', 'SQL', 'Python', 'R', 'Tableau']"
0137_GI48315657_더하이어코리아㈜ 채용 - 인천 외국계 _ Data Analyst (Power BI) _ 1년 _ 잡코리아,데이터 분석가,더하이어코리아㈜,"['Data Analyst (1명) Back-end개발자+운영자 내부적으로는 Senior Analyst (Business Process Improvements) 성격 1.SACS 운영 및 데이터 관리 KR', 'NINV', 'PAC+ Receiving', 'FIST', 'Vendor Master', 'A/R Closing 자동화 등 기존 스케줄러 유지관리 SharePoint 기반 데이터 수집 구조 운영 및 오류 해결 OneDrive/파일 Lock 등 자동화 장애 해결 3.데이터 분석 및 보고서 개발 Excel', 'Power BI 기반 데이터 분석 및 시각화 Daily/Weekly/Monthly KPI 데이터 생성 및 Insight 제공 Power Query 기반 데이터 클렌징', 'ETL 작업 CSV/Excel 기반 구조화']","['Excel 중급 이상(Power Query 필수,Pivot/Table 분석 가능)', 'Power BI 기본 활용 능력 (DAX 기초,시각화,데이터 모델링)', 'Power Automate Desktop 경험(기존 플로우 유지보수 가능 수준)', 'CS//FVel기바데이터 부서.저제 느려 엑셀 VBA매크로 운영 경험', 'SharePoint List/Library 데이터 운영 경험', 'SACS 또는 ERP 기반 운영 데이터 처리 경험']","['R', 'Excel', 'Power BI']"
0138_GI48277901_리을디귿 채용 - [채용] 퍼포먼스 마케터 & 데이터 분석가를 모십니다 _ 잡코리아,데이터 마케팅 분석가,리을디귿,"['퍼포먼스마케터& 데이터 1)퍼포먼스 마케팅 전략 수립 및 운영 (1명)', 'Meta(IG/FB)', 'Google', 'Kakao', 'Naver(검색/쇼핑)', '쿠팡 광고 등매체 특성에 맞춘 캠페인 ROAS뿐 아니라 CAC(신규 고객 획득 비용)', '매체별 기여도/효율 구조 분석 콘텐츠/디자인과 협업하여 데이터 기반 소재 발굴 및 개선(High-Performing Creative)', '2)자사몰(D2C)']","['커머스/패션/유아동 카테고리에서 월 광고 예산 3,000만 원 이상 운영 경험', 'SQL 또는 Amplitude/Mixpanel등 분석 툴 사용 경험', 'CRM 솔루션(채널톡/데이터라이즈 등)으로 실질 매출 성과를 만들어본 경험', '본질에 집중:보여주기식 보고보다 실제 문제 해결과 Impact를 더 중요하게 봅니다.', '형위긍이티이어가위워링릭위 협업 문화:서로의 전문성과 판단을 존중하며,실행과 회고가 빠르게 돌아갑니다.', '피카부는 숫자를 잘 만드는 사람보다, 극위이성터허 기본우대']","['Looker', 'Google Analytics', 'SQL', 'Amplitude']"
0140_GI48066414_메가존클라우드㈜ 채용 - Business Analyst 채용 _ 잡코리아,데이터 분석가,메가존클라우드㈜,[],"['주요 지표의 이상 징후 탐지 및 보고서 작성 B2B 세일즈에 대한 이해를 바탕으로 한 전사 KPI 수립 및 성과 관리 경험 복잡한 비즈니스 구조환경,다양한 시스템 데이터를 결합/연결하기 위해 여러부서간의 조율경험,혹은 PM경험 우대 AIlAgent 를 활용한 업무 자동화 유경험자']","['SQL', 'Tableau', 'Power BI', 'Looker']"
0141_GI48102683_㈜우리금융저축은행 채용 - 우리금융저축은행 경력직 채용[리스크관리부] _ 잡코리아,데이터 분석가,㈜우리금융저축은행,['리스크관리부 부서원채용 신용리스크 관련 지표 모니터링 및 관리 [리스크관리] Data 분석을 통한 보고서 작성 CSS모형 전략 운영'],"['저축은행 및 금융기관 업무경험자 통계 및 산업공항 전공자 통계프로그램 사용 가능자(SAS필수) 신용리스크 경험자 CSS모형 개발', '전략운영 경험자 기본우대 저축은행 및 금융기관 업무경험자', '통계 및 산업공학 전공자', '통계프로그램 사용가능자(SAS필수)', '신용리√']",[]
0142_GI48374357_(유)쇼피코리아컴퍼니 채용 - Shopee Korea - BI Analyst(6-month) - 신입가능 _ 잡코리아,데이터 시각화 분석가,(유)쇼피코리아컴퍼니,"[""Consolidate and review Shopee's Cross-Border Business perf ormance on a daily basis"", 'Develop analyses that lead to actionable insights to ensure profit ability and stability of the products', 'Collect data from multiple sources', 'including operation', 'marketing', 'and sourcing databases', 'to create integrated views that can be use making', 'Work with several large and complex S QL databases and design and build reports and analyses in Excel']","['학사 학위 이상 보유자로,데이터에 대한 이해도와 민감도가 높고,분석 역량이 뛰어나신 분', 'SQL 및 Excel(데이터 함수)활용이 가능하신 분', '문제 해결에 있어 창의적이고 새로운 접근을 시도할 수 있는 분', '마인드를 보유하신 분', '다양한 유관 부서와 협업이 가능하며,빠르게 변화하는 업무 환경에서도 유연하게 업무를 수행할 수 있는 분', '비즈니스 애널리스트 관련 직무에서 1년 이상의 실무 경험을 보유하신 분 (우대)', 'Python 활용 경험이 있으신 분 (우대)', '|Yl0']","['SQL', 'Python', 'Excel', 'R']"
0143_GI48344307_유한킴벌리㈜ 채용 - 김천사업장 재무부분 원가기획 담당 신입 채용 _ 잡코리아,데이터 엔지니어,유한킴벌리㈜,"['Cost Analyst 월 실제원가 및 분기별 표준원가 작성과 관리', '월별 분기별 원가예측 및 보고 세부항목별 원가 분석', '투자 시 원가 예측 및 재무효과 분석 원가 절감 실적 보고', '예측 및 효과 분석 공장예산 수립 및 관리', 'Routing', 'Version', 'Work Center etc.)']","['ERP(SAPR/3)사용경험 MS Office 활용 능력(Excel, PowerPiont) 글로벌 환경에서의 인턴 또는 프로젝트 경험 응시자격 공통사항 성별/연령 제한 없으며,학사학위 이상 소지하신 분', '해외여행에 결격사유가 없는 분으로 남자는 병역필 또는 면제된 분']",['Excel']
0145_GI48325637_대신네트웍스㈜ 채용 - 빅데이터 분석 경력자 전문가 모집 _ 잡코리아,데이터 시각화 분석가,대신네트웍스㈜,[],"['빅데이터 분석 공모전 입상자 Power BI', '알터럭스 경험자 통계분석', '리서치 능숙자 프리젠테이션 능력우수자 기본우대 공모전 입상자', '차량소지자', '통계분석', '리서치 능숙자', '프리젠테이션 능력우수자', '문서작성 우수자']","['SQL', 'Python', 'Power BI', 'PostgreSQL', 'Hadoop']"
0147_GI48252057_지씨에스솔루션㈜ 채용 - 환경분야 빅데이터 분석 및 기획연구 담당자 _ 잡코리아,데이터 분석가,지씨에스솔루션㈜,"['기획 및 정책연구를 위한 정부/공공기관/지방자치단체 기획연구,정보화전략수립(ISP/ISMP)및 정책연구 (0명) 기획 및 정책연구에 필요한 기술동향,최신정책 및 빅데이터 분석을 통한 관련 분야 수요 분석 예)빅카인즈 분석 참고 사업수주를 위한 제안서 작성 사업 성과 관리를 위한 주/월간 보고서 작성 컨설팅 최종보고서 작성']",[],"['Python', 'Excel']"
0148_GI48368573_주식회사스마일게이트 채용 - [스마일게이트] [투자] 투자관리 담당 _ 잡코리아,데이터 분석가,주식회사스마일게이트,[],"['유관 자격증(CFA/KICPA/AICPA)을 보유하신 분', '영문 계약서 검토 업무를 경험해 보신 분']",[]
0150_GI48238373_㈜플래티어 채용 - ㈜플래티어 [그루비사업부 SaaS 솔루션] 직군별 경력직 채용 _ 잡코리아,데이터 사이언티스트,㈜플래티어,[],['기본우대'],"['Python', 'AWS', 'GCP', 'MySQL', 'Tableau', 'Looker', 'Superset', 'BigQuery', 'Redshift', 'Athena']"
0154_GI48234926_미디어브랜즈코리아㈜ 채용 - 외국계광고 미디어브랜즈코리아 (UM Korea) 인턴 모집 _ 잡코리아,데이터 분석가,미디어브랜즈코리아㈜,[],"['TOEIC850급(점)', '이상 GAlQ(Google Analytics Individual Qualification)', '기본우대 영어가능자', '통계분석', '리서치 능숙자', '유관업무 경험자(인턴', '알바)', '엑셀 고급능력 보유자 자격증 GAIQ 이 기업과 나의 적합도 체크 핵심 역량 계획성 회사에서 중요하게 생각하는 역량과 가치가 나와 맞는지 알아보기 적응성 성취지향성 협동심 무문문']","['Excel', 'Google Analytics']"
0155_GI48316106_㈜넥스트이지 채용 - AI 모델링 및 데이터 분석 엔지니어 모집 _ 잡코리아,데이터 분석가,㈜넥스트이지,"['포지션 (1명) Python을 활용한 A알고리즘의 설계', '개발 및 최적화 신규 A 서비스 데이터 통합 및 전처리', '데이터 분석', '모델학습', '평가 및 배포 과정 전반 수행 모델 성증 검증 및 자동화 스크립트 개발']",['상세내용을 입력하세요'],['R']
0156_GI48211907_㈜알케이소프트 채용 - IT아웃소싱 한국지사 BA (Business Analyst) (한국인_베트남인) _ 잡코리아,데이터 시각화 분석가,㈜알케이소프트,"['BA Business Analyst (1명)', '고객 비즈니스 요구사항을 정확히 이해하고 한국어/베트남어로 자연스럽게 전달 프로적트 요구사항의 정의', '변경 관리 수행 비즈니스 프로세스 분석 및 개선 제안 BRD', 'FRD', 'User Story', 'Workf low 등 요구사항 문서 작성 및 유지 Figma기반 화면설계서', '와이어프레임', '프로토타입 제작 위영위이럼트을']",['한국인:영어소통 업무가능 우대 베트남인:한국어소통 업무가능 및 한베기술 통번역 가능자 우대 한·베 기술 통번역 능숙자(IT 용어 포함) |0논 [한국어]TOPIK [베트남어]OPI'],['SQL']
0157_GI48206704_㈜스트리미 채용 - [GOPAX]자금세탁방지(AML) 담당자 _ 잡코리아,데이터 분석가,㈜스트리미,"['포지션 (1명) 자금세탁방지 관련 사내 정책 및 규정 기획 자금세탁방지 관련 고객확인', '고객위험평가', '거래모니터링', '전사위험평가 등 기획 및 운영 사내 임직원 대상 자금세탁방지 교육 기획 및 실시 자금세탁방지 시스템의 적정성 관리 RBA 기획 및 관리 감독당국 보고 및 대응 업무 수행 그외 자금세탁방지 관련 필요한 업무 수행']","['영어 커뮤니케이션 가능하신 분', '자금세탁방지 관련 자격증(CAMS,TPAC등)을 보유하신 분', 'AML시스템 개선 등 프로젝트 기획 및 진행 경험을 보유하신 분', '금융당국 등 검사 수검 경험을 보유하신 분']",[]
0158_GI48362491_㈜아이넷캅 채용 - [신입_경력] 안드로이드 앱(악성코드) 분석가 채용(내일채움공제가능) _ 잡코리아,데이터 분석가,㈜아이넷캅,['안드로이드 악성 앱 분석 및 결과물 산출 요구사항 [신입] 교대근무 수행 가능한 자 조직 및 팀원 간 소통에 이상 없는 자 기본적인 안드로이드 운영체제에 대한 이해 [누는]'],"['전산/보안 관련 자격증 소지 악성코드분석 도구 사용 경험(ex. Jadx', 'Frida', 'IDA', 'Ghidra', '등) 리버스 엔지니어링 수행 이력 안드로이드앱 분석 관련 대외 활동 이력(논문 작성', '도서 집필', '블로그(유튜브)운영', '특허 기술 보유 등) 기본우대']",[]
0159_GI48274220_㈜이자(eZar Inc.) 채용 - 투자정보 데이터 검색_수집 인턴 _ 잡코리아,데이터 분석가,㈜이자(eZar Inc.),[],['유관업무 경험자 투자에 대한 기본지식 보유자 투자자산운용사 등 근무조건 근무형태:인턴 근무일시:주 5일 기본우대 은 무 연융 이 기업과 나의 적합도 체크 핵심 역량 계획성 회사에서 중요하게 생각하는 역량과 가치가 나와 맞는지 알아보기 적응성 성취지향성 협동심 후문문'],['Excel']
0160_GI48316213_㈜썬더소프트코리아 채용 - [Thundersoft Korea] 통신 Protocol 검증 및 분석 Engineer모집 _ 잡코리아,데이터 분석가,㈜썬더소프트코리아,"['[이런 일을 해요] 모델별 2G/3G/LTE/NSA/SA/DSDS Protocol Daily Regression 진행 Fail 이 발생할 경우,CL search 진행하여 CodeSync 수행 Anritsu,Keysight, R&S 장비로Protocol 테스트 후issue Debugging 프로젝트 진행상황과 이슈사항을 고객사와 공유 통신 Protocol [이런 분을 찾고 있어요] 검증 및 분석 시험 업무 절차서 및 관련 품질 문서에 따른 업무 수행이 가능하신 분', '3GPP 시험 규격에 요구되는 시험항목에 대한 기술사항 검토가 가능하신 분', '국내외 핸드폰 기술 기준 및 시험 방법 이해가 있으신 분', ""더 많은 썬더소프트 채용 정보는 아래의 '자세히 알아보기'를 통해 확인해주세요 자세히 알아보기 Search 채용절차""]",[],['R']
"0162_GI48272305_㈜스티커랜드 채용 - 국내외 시장 조사 및 데이터 정리(PPT,EXCEL) 사원 모집 _ 잡코리아",데이터 분석가,㈜스티커랜드,"['포지션 (1명) 규모', '미래현황', '유통채널', '소비자', '경쟁업체 등에 관한 를 수행하고 분석', '평가 신제품 발굴', '수요예측', '점유율']",[],['Excel']
"0164_GI48242900_㈜엑셀리언트 채용 - (삼성동) 디지털마케팅 - AI대응 콘텐츠 개선 (신입,경력) _ 잡코리아",데이터 분석가,㈜엑셀리언트,"['""검색을 넘어,A에게 선택받는 콘텐츠를 만듭니다."" 우리는 Google, 네이버를 넘어 ChatGPT, Gemini, Perplexity 같은', 'AI 검색·답변 결과에 브랜드가 노출되도록 설계하는 GEO(GenerativeEngine Optimization)마케팅을 하고 있습 터연영이위 탈 터성를 이 연연탁술 처음부터 혼자 다 하게 하지 않습니다.', '아래 업무를 교육 +실무 보조 → 점진적 단독 수행 방식으로 진행합니다.', '1)AI 검색·답변 노출 분석 C n 선택되는지 분석.""왜 이 페이지가 선택됐을까?""를 함께 고민합니다 2)웹사이트&콘텐츠 GEO진단 기업 웹사이트를 보고A가 이해하기 쉬운 구조인지 정보가 명확하게 정리되어 있는지 점검 체크리스트 기반으로 진단(초보자도 가능)', '3)AI 친화 콘텐츠 기획', '정리 기존 콘텐츠를""질문?답변""형태로 정리.요약', '표 형태로 개선 글을 새로 쓰기보다 잘 정리하는 역할부터 시작합니다 4)SEO&GEO기본 데이터 확인 Google Search Console', 'GA4 등 기초 지표 확인 ""검색 유입 → AI 노출""흐름을 이해하는 연습 [이런 분이면 잘 맞아요]']",['기본우대 영어가능자 이 기업과 나의 적합도 체크 핵심 역량 계획성 회사에서 중요하게 생각하는 역량과 가치가 나와 맞는지 알아보기 적응성 성취지향성 협동심'],"['Excel', 'R']"
0170_GI48339750_굿얼라이언스 채용 - [월500이상가능] 메디컬 전문기업 [부동산입지팀] _ [영업팀] 모집 _ 잡코리아,데이터 분석가,굿얼라이언스,['핵심역량및 태도'],"['위을성 프랜차이즈 개발 경험', '스타버스,의정등 오 어드바이저 직영 정로 개 경쟁사 분석 및 상권벌 데이터베이스 구축 약국 및 의료시설 사업성 분석과 후보지 수익성 신규고객 발굴 및 기존 고객 관리 데이터 기반의 논리적인 커뮤니케이션 능력', '업계 최고대우 보장 미팅을 통한 전략적 제안 및 계약 체결 탁월한 영업 센스와 설득릭 보유 고객 니즈에 기반한 세일즈 방안 수립 이슈발생시능숙한 대처및 문제 해결능력', '보합.부용산 동 고수익 명업 경험']",['R']
0171_GI48369672_다중지능하브루타교육회 채용 - [경제라이프아카데미] 재무클리닉 · 교육기획_운영 · 플랫폼 관리 정규직 _ 잡코리아,데이터 마케팅 분석가,다중지능하브루타교육회,"['포지션 1.재무클리닉 (0명)', ""고객의 재무 상태를 '건강검진'처럼 진단하고"", '실행 가능한 개선 계획이 이어지도록 전 과정을 운 영합니다.사전 설문/자료(지출', '부채 등)수집과 정리', '상담 일정 조율', '리포트 구성 보조', '사 후관리(리마인드/재방문)까지 담당합니다.체크리스트 기반으로 누락 없이 진행하고', '고객 경험 을 개선하는 운영자 역할을 합니다.']",[],[]
"0173_GI48099886_㈜대한파트너스 채용 - [주식_코인유튜브 크리에이터] 코인,주식 영상DB수집(얼굴X) _부천 상동 _ 잡코리아",데이터 분석가,㈜대한파트너스,['코인유튜브-크리에이터 영상전문가 (0명) 코인 유튜브 크리에이터 코인 유튜브 크리에이터 종목영상찰영'],['kY공거o 기본우대'],['R']
0174_GI48379281_㈜이노케어플러스 채용 - 데이터 분석가 _ 잡코리아,데이터 엔지니어,㈜이노케어플러스,[],"['쿨 이어올를공긍 이런 업무를 해요 심평원 청구 데이터(진단', '시술 등)를 분석하여 제약사 대상 인사이트 도출 질환별/약물별 처방 패턴', '시장 트렌드 분석 분석 결과를 기반으로 리포트 기획 및 스토리라인 구성 데이터 엔지니어와 협업하여 시각화 요건 정의 이런 분들을 찾고 있어요']","['SQL', 'Python', 'R', 'Tableau']"
0175_GI48284129_㈜아티언스 채용 - 디지털 마케팅 컨설턴트_AI 데이터 분석가 _ 잡코리아,데이터 분석가,㈜아티언스,"['최신 AI 기술/틀을 활용한 신규 마케팅 기법 및 채널 도입 방안 연구 및 파일럿 적용 제안 팀 내 AI 기술/툴 활용 업무 자동화 및 효율화 담당 (데이터 처리,리포트 자동화 등)', 'AI 기반 업무 개선 경험 또는 실질적인 도입 전략 제시 프리랜서로도 협의 가능** 1.데이터 마케팅 실무 경험 최소 3년 이상(퍼포먼스 분석,컨설팅 경험)']","['2.디지털 광고 운영 경험 또는 마케팅 자동화 시스템 구축/운영 경험 3.컴퓨터 공학', '산업공학', '통계학', '데이터사이언스 등 관련 분야 전공 우대']",['GA']
0176_GI48213347_투자그룹플랜 채용 - 주식 유튜브 촬영 _ 주식 애널리스트 _ DB수집목적 _ 잡코리아,데이터 분석가,투자그룹플랜,"['꼼꼼히 알려드릴게요 채용 상세 안내 유사투자자문 및 주식 교육 콘텐츠 제작,트레이딩 담당 유튜브 주식 교육 영상 촬영 및 방송 진행 주식 시장 분석 및 트레이딩 투자 정보제공 및 투자전략 기획 콘텐츠 주제 선정 및 스크립트 제작 포지션 (1명) 유튜브 주식 교육 영상 촬영 및 방송진행']",['본인만의 종목 발굴 및 분석 기준 보유 유사투자자문업 또는 관련 업종 경험'],[]
0177_GI48319063_㈜비케이고 채용 - 오즈메이커(Odds Maker) 스포츠 데이터 분석가 _ 잡코리아,데이터 엔지니어,㈜비케이고,"['오즈메이커Odds Maker 실시간 모니터링:스타크래프트,리그 오브 레전드(LOL)등 주요 e스포츠 스트리머들의 경기 (1명)', '매칭 발생 시 즉시 파악하여 운영팀과 협의 배당률 산정:분석 결과를 바탕으로 합리적이고 경쟁력 있는 배당률 계산 데이터 관리:경기 결과', '배당률 변동 등 관련 데이터 수집 및 정리 보고서 작성:운영 현황 및 분석 결과 보고 핵심역량 성실성', '협동심', '계획성', '적응성', '창의성']","['e스포츠 관련 업무 경험', '수학,통계학,산업공학,데이터 과학 또는 관련 분야에서 학사 이상의 전공자 스포츠 베팅,배당률 관련 지식 또는 경험', '데이터 분석 툴 활용 능력']","['Python', 'R', 'Excel']"
0178_GI48330256_투자그룹플랜 채용 - 주식 유튜브 촬영 _ 주식 애널리스트 _ DB추출 _ 잡코리아,데이터 엔지니어,투자그룹플랜,"['꼼꼼히 알려드릴게요 채용 상세 안내 유사투자자문 및 주식 교육 콘텐츠 제작,트레이딩 담당 유튜브 주식 교육 영상 촬영 및 방송 진행 주식 시장 분석 및 트레이딩 투자 정보제공 및 투자전략 기획 콘텐츠 주제 선정 및 스크립트 제작 포지션 (1명) 유튜브 주식 교육 영상 촬영 및 방송진행']",['본인만의 종목 발굴 및 분석 기준 보유 유사투자자문업 또는 관련 업종 경험'],[]
0179_GI48284194_투자그룹플랜 채용 - 주식 유튜브 촬영 _ 주식 애널리스트 _ DB수집 _ 잡코리아,데이터 분석가,투자그룹플랜,"['꼼꼼히 알려드릴게요 채용 상세 안내 유사투자자문 및 주식 교육 콘텐츠 제작,트레이딩 담당 유튜브 주식 교육 영상 촬영 및 방송 진행 주식 시장 분석 및 트레이딩 투자 정보제공 및 투자전략 기획 콘텐츠 주제 선정 및 스크립트 제작 포지션 (1명) 유튜브 주식 교육 영상 촬영 및 방송진행']",['본인만의 종목 발굴 및 분석 기준 보유 유사투자자문업 또는 관련 업종 경험'],[]
0180_GI48342964_㈜브이아이투자그룹 채용 - [주식유튜브 종목영상촬영 애널리스트] DB수집목적 [재택근무 상시모집] _ 잡코리아,데이터 분석가,㈜브이아이투자그룹,['포지션 (6명) 애널리스트=주식 종목영상 유튜브 촬영'],['유튜브주식방송대본제작'],[]
0181_GI48233958_넥스트증권㈜ 채용 - Data Engineer _ 잡코리아,데이터 엔지니어,넥스트증권㈜,"['Data Engineer 대용량 정형/비정형 거래 데이터,시세 데이터,고객 행동 데이터 등을 효율적으로 처리하고 분석하기 위한 데이터 웨어하우스(Data Warehouse)및 데이터 레이크(Data Lake) 아키텍처를 설계하고 구축합니다.', '온프레미스(On-premise)환경과 퍼블릭 클라우드(AwS,GCP 등)환경을 연동하는 하이브리드 클라우드 데이터 인프라를 설계, 구축하고 안정적으로 운영합니다.', '실시간 및 배치 데이터 처리를 위한 확장성 높은 데이터 파이프라인을 개발하고, 성능 병목 구간을 분석하여 지속적으로 최적화합니다.', 'laC(Infrastructure as Code)기반으로 인프라 구성 및 관리를 자동화하고, 데이터 플랫폼의 상태와 성능을 실시간으로 모니터링하는 시스템을 구축하여 장애를 사전에 예방하고 신속하게 대응합니다.', '데이터 품질,데이터 수명 주기 관리 등 데이터 거버넌스 정책을 기술적으로 구현하고, 금융 규제 준수를 위한 강력한 데이터 보안 아키텍처를 적용합니다.', '데이터 분석가', 'AI/ML 엔지니어', '프로덕트 엔지니어와 긴밀하게 협업하여 데이터 요구사항을 파악하고']",[],"['SQL', 'Python', 'BigQuery', 'Redshift', 'Snowflake', 'AWS', 'GCP', 'Spark', 'Hadoop', 'Kafka', 'Airflow']"
0183_GI48358753_㈜카카오엔터테인먼트 채용 - Software Engineer - Data Platform _ 잡코리아,데이터 엔지니어,㈜카카오엔터테인먼트,"['페타바이트급 데이터를처리하기 위한Data Lake및 기반 시스템(Hadoop, Spark,Kafka 등)의 아키텍처 설계 및운 사내외 조직이데이터를 쉽게 활용할 수 있도록 돕는 데이터 플랫폼 도구 및 AP서빙레이어 개발 실시간 데이터 수집(CDC)및 파이프라인 과정에서 발생하는 이슈 해결 및 시스템 튜닝']","['Data Lake 구축 경험 혹은 데이터 파이프라인 플랫폼을 구축 경험이 있으신 분', 'Kafka,Spark,Hadoop,Airflow등 빅데이터에코시스템 사용 경험이 있으신 분', 'Iceberg, Hudi 같은 최신 Table Format이나 Debezium(CDC)기술경험이 있으신 분', 'Kubernetes를 통한 빅데이터관련 어플리케이션 관리 및 운영 경험이 있으신 분', '이아융루묶군하이이ㅋ하 데이터 카탈로그,거버넌스 등을 위한 도구 구축 및 운영 경험이 있으신 분', '공통요건 병역 필또는 면제자로 해외여행에 결격 사유가 없는 분', '그외 제출서류에서 결격 사유가 없는 분']","['Spark', 'Hadoop', 'Kafka']"
0186_GI48088177_㈜넥슨 채용 - [플랫폼본부] UX Researcher_UX 분석가(게임 경험 분석) (계약직) _ 잡코리아,리서치 데이터 분석가,㈜넥슨,"['다양한 게임들의 특성을 파악 후 유저 데이터 기반 인사이트 추출', '전문 분야(HCI', '인지심리 등)와 UX 방법론을 활용한 유저 리서치(FGT', 'FGI 등)설계', '사용자 경험 측정 유저 리서치에 기반한 사용자 관찰 및 측정 결과 데이터 분석을 통한 인사이트 도출', '개선안 프레젠테이션']","['평소 게임을 즐기시는 분', 'UX 관련 대학원(HCI,인지공학, 산업공학 등)에서 심화 방법론이나 분석법을 전공하신 분', '유사 업계(게임,리서치,UX 컨설팅,IT 등)에서 심화 방법론이나 분석법 경험이 있으신 분', '주체적으로 일을 만들고 리드하는 것을 좋아하시는 분', 'AI 모델,Python,R,SQL 등을 활용한 데이터 분석 경험이 있으신 분', '장애인,영어가능자, 유관업무 경험자(인턴·알바),보훈대상자']","['SQL', 'Python', 'R']"
0188_GI48207421_이지케어텍㈜ 채용 - [의료IT 1위 이지케어텍] 국내_해외 의료 BA 경력직 채용 _ 잡코리아,데이터 분석가,이지케어텍㈜,"['의료BA (Business Analyst) 의료 Business Analyst 포지션은 병원 근무 포지션이 아닙니다.', '간호업무 프로세스 분석 및 시스템 요구사항 파악 및 응대 병원 현장 간호사 및 사용자 인터뷰를 통한 업무 흐름 분석 간호기록', '간호과정 등 모듈별 업무 정의 및 기능 설계 EMR(Cloud)간호 모둘 신규 기능 기획 및 검증 신규 기능 요구사항 도출 및 정책 반영 UI/UX 개선 및 클라우드 환경 최적화 설계 병원 현장과 개발 조직 간 커뮤니케이션 허브 역할 간호 실무진의 요구사항을 분석', '정리하여 개발팀과 협업 테스트', '검증 과정 참여 및 품질 관리 의료BA (Business Analyst)', '신규 병원 도입 프로젝트 시 간호업무 분석 및 제안서 작성 간호부 대상 프로그램 교육 및 운영 매뉴얼 작성 최신 헬스케어 기술 기반의 서비스 고도화 참여 간호 데이터 기반 업무 자동화,예측 알고리즘 등 신규 서비스 제안 최신 의료 IT 트렌드 반영을 통한 솔루션 업그레이드']","['비즈니스 영어 능통자 자격증 간호사,보건의료정보관리사']",[]
0189_GI48374386_한화생명보험㈜ 채용 - 투자전략팀 '글로벌 채권 및 FX 전략' 전문인력 경력채용(과장-차장) _ 잡코리아,데이터 분석가,한화생명보험㈜,"['글로벌 채권 및 FX전략 직무개요 글로벌 채권 시장 리서치 및 운용전략 수립 FX 전략 및 환헤지 정책 수립 주요역할 및 수행업무 글로벌 채권 시장 리서치 및 운용 전략 수립 글로벌 금리 사이클', '통화정책', '인플레이션', '경기 국면 분석을 통한 국가/섹터별 채권 투자 전략 수립 글로벌 채권 포트폴리오 배분 전략 ALM 관점에서 부채 특성을 고려한 전략 수립 주요 통화 환욜 환경 분석 및 FX 전망 제시 보험사 일반계정 특성을 고려한 환헤지 전략 수립 시장 모니터링 및 커뮤니케이션 글로벌 금융시장(금리/채권/환율)상시 모니터링 및 정기/수시 코멘터리 작성 주요 이슈 발생시 시장 영향 분석 및 대응 전략 제안 공통응시자격']",[],[]
0190_GI48204986_㈜에이피알 채용 - [경영전략] IR·공시 담당 경력사원 모집 _ 잡코리아,데이터 분석가,㈜에이피알,[],"['코스피 상장사 IR 및 공시 업무 경험이 있으신 분', '해외 투자자 대상 미팅 진행 경험이 풍부하신 분', '기업 및 투자 관련 다양한 질의응답 대응 경험이 있으신 분', '국내 외근 및 해외 출장에 대해 부담이 없으신 분']",[]
0192_GI48219779_㈜동운아나텍 채용 - 전략기획실 경력직 채용 _ 잡코리아,데이터 엔지니어,㈜동운아나텍,[],['영어능통자(원어민수준) 문서작성 우수자 프리젠테이션 능력우수자 논리적 사고와 팀워크 및 부서간 협업 역량 우수 기본우대'],[]
"0193_GI48091408_㈜모림 채용 - 주식회사 모림 채용 [사업전략, FP&A] _ 잡코리아",비즈니스 데이터 분석가,㈜모림,"['(주)녹수의 모회사로서 전략과제관리 및 실행력 강화 미국,유럽 등 글로벌 시장에서의 M&A 타겟 발굴 및 검토,실행 전사 organic 성장 전략 수립 및 실행 전사적 경영 혁신 이니셔티브 주도 경영관리 체계 고도화']",['국내/외 관계사Communication경험 적극적이고 유연한 사고 및 태도 보유 국내/외 관계사 Communication경험 기본우대'],['Excel']
"0194_GI48212181_헤펠레코리아㈜ 채용 - [헤펠레코리아] BI Analyst, 기획분석 및 기획지원 (육휴대체) _ 잡코리아",데이터 시각화 분석가,헤펠레코리아㈜,"['Business Intelligence 제품', '시장 관련 다양한 데이터를 체계적으로 정리']","['MS Office(특히 Excel', 'PowerPoint)활용능력 우수자 전략 보고서 및 데이터 기반 분석 보고서 작성 경험 보유자 SAP', 'CRM', 'QlikSense 사용 가능자 기본적인 비즈니스 영어 이메일 커뮤니케이션 가능자 빠른 출근 가능자 기본우대 영어가능자', '유관업무 경험자(인턴', '알바)']",['Excel']
0195_GI48178850_㈜넥슨 채용 - [플랫폼본부] UA실 UA 매니저 _ 잡코리아,데이터 분석가,㈜넥슨,"['UA 매니저는 퍼포먼스 마케팅 경험과 데이터 기반의 사고가 필수이며, 이를 바탕으로 전략적·분석적으로 업무를 수행합니다.', '은이이어 구됩니다.', '다양한 신규 프로젝트와 변화하는 환경 속에서 새로운 지식과 업무를 적극적으로 학습하고 도전하려는 자세 또한 중요한 역량입니다.', '신규 및 라이브 게임의 유저 유입을 위한 마케팅 전략 수립 캠페인 플래닝 및 다양한 마케팅 채널과의 협업', '운영 UA 캠페인의 성과 관리 및 데이터 분석을 통한 마케팅 효율 극대화 UA 캠페인을 통한 효율적 고품질 유저확보 및 게임의 주요 KPI(DAU', 'LTV', '전체 매출)성장 기여']","['연위장리 위위를연위', '업무 관련 자격증을 보유하신 분(Google Ads Certif ication, Google Analytics Certif icat ion,Meta Blueprint Certif ication 등) 이아무무륨해금논을이말른', '광고 소재 기획 및 제작 협업 능력을 보유하신 분(AdobePhotoshop,Figma활용한 소재 기획/AdobePremierePro 등 영상 편집 툴 활용 능력)', 'SQL·BigQuery 활용 데이터 추출 및 분석 경험이 있으신 분(쿼리를 통한 오디언스 추출,데이터 분석 등) AI 툴을 활용한 캠페인 자동화 또는 소재 제작 경험이 있으신 분']","['Google Analytics', 'SQL', 'BigQuery']"
0196_GI48331430_㈜더존비즈온 채용 - [그룹웨어 구축 - 경력]더존비즈온 그룹웨어 및 ERP 컨설팅 경력 채용 _ 잡코리아,데이터 분석가,㈜더존비즈온,[],"['기본우대 국가유공자', '인근거주자', '컴퓨터활용능력 우수자', '유관업무 경험자(인턴', '알바)', '보훈대상자', '엑셀 고급능력√ 자격증 ERP정보관리사 생산1급', 'ERP정보관리사 인사1급']","['Excel', 'R']"
0197_GI48365376_뱅크웨어글로벌㈜ 채용 - [뱅크웨어글로벌] 해외사업 IT BA 채용 (파키스탄 프로젝트) _ 잡코리아,데이터 시각화 분석가,뱅크웨어글로벌㈜,"['※현재 파키스탄 프로젝트 준비 중 해외 금융 IT 프로젝트에서 고객 요구사항 수집 및 분 (진행중인 프로젝트 종료 이후 타 해외 프로젝트 참 비즈니스 프로세스', '규제에 대한 이해를 기반으 유창한 영어 구사 능력 보유자 학사이상학위 보유자 시스템 요구사항 정의 (경영학', '컴퓨터공학', '금융공학', 'IT 관련 전공 우대)', 'IT BA 이해관계자(해외 고객, 내부 개발팀,QA,PM등)간 요구사항 수집/분석/문서화/커뮤니케이션 역량 보유 (해외)', '커뮤니케이션 및 조율 프로젝트 문서 작성 및 관리 Gap Analysis, Use Case, Workflow 등']","['문서화 및 전달 Core Banking', 'Waterfall 등 다양한 개발 방법론 경험자 회의 진행 및 보고 데이터분석 역량 보유자(SQL', 'BI To이활용 가능자)', '금융 도메인(은행)', '프로젝트 경험자 다문화 환경에서의 협업 경험자 제3외국어 능력자']",['SQL']
0198_GI48353472_㈜더존비즈온 채용 - [정보보안]더존비즈온 사내 정보보안 정책수립 및 ISMS 운영 담당자 채용 _ 잡코리아,데이터 분석가,㈜더존비즈온,[],"['기본우대 국가유공자', '인근거주자', '컴퓨터활용능력 우수자', '유관업무 경험자(인턴', '알바)', '보훈대상자', '엑셀 고급능력 √ 자격증 정보보호관리사', '정보보호전문가']","['Excel', 'R']"
0199_GI48374434_테크트로닉인더스트리즈코리아유한책임회사 채용 - [밀워키코리아] CRM Manager 경력 채용 _ 잡코리아,데이터 품질·거버넌스 분석가,테크트로닉인더스트리즈코리아유한책임회사,"['CRM Manager (1명) [Position Overview]', 'Milwaukee Tool Korea is seeking a CRM Manager to drive digital transf ormation initiatives across our Salesforce CRM', 'Magento e-commerce platform', 'and Oracle sales operations', 'customer experience', 'and enterprise resource planning in the Korean market.', '[Key Responsibilit ies]']","['ERP implementations (target: <5% rework)', 'Design conf igurable, scalable solutions aligned wit h business objectives total stories) Stakeholder Management & Communication', 'Facilit ate workshops with sales, marketing, IT, and operations teams to elicit', 'Present solutions clearly to secure st akeholder alignment (target: >9o%) and sign- off', 'Provide regular status reports on BA activities, system adoption, and project initiatives', 'Resolve requirement conf licts effectively across cross-f unctional teams Process Improvement & Optimization', 'Analyze current business processes across Salesforce CRM, e-commerce, and ERP workf lows ldentif y and implement process improvements to reduce cycle times by at least 10%', 'Propose 2-3 optimization initiatives annually - Drive continuous improvement in system utilization and business processes']",['Oracle']
0200_GI48234374_테크트로닉인더스트리즈코리아유한책임회사 채용 - CRM Manager _ 잡코리아,데이터 품질·거버넌스 분석가,테크트로닉인더스트리즈코리아유한책임회사,"['ket.', 'Update and maintain customer-information consent and data-retention policies in alignment with HQ Legal, ensuring full compliance with Korean privacy regulatio ns.', 'Audit systems and cross-functional operational processes to verify adherence and oversee the marketing-consent renewal process with accurate delivery and tracking.', 'Maintain an up-to-date marketing-consent database and drive consistent privacy practices across Service', 'Job site', 'and Marketing teams.', '이런 분들을 찾고 있어요']","['Design configurable, scalable solutions aligned with business objectives Stakeholder Management & Communication', 'Present solutions clearly to secure stakeholder alignment (target: >9o%) and sign-off', 'Provide regular status reports on BA activities, system adoption, and project initiatives', 'Resolve requirement conflicts effectively across cross-functional teams Process Improvement & Optimization', 'Analyze current business processes across Salesforce CRM, e-commerce, and ERP workflows', 'Identify and implement process improvements to reduce cycle times by at least 10%', 'Propose 2-3 optimization initiatives annually - Drive continuous improvement in system utilization and business processes', 'System Integration & Data Management - Ensure seamless integration between Salesforce, Magento, and Oracle ERP']",['Oracle']
0201_GI48373960_존슨앤드존슨 채용 - [얀센백신] Analyst Quality Control _ 잡코리아,데이터 엔지니어,존슨앤드존슨,['1) General Laboratory Activity'],"['Preparation/Revision and review of GMP documents (Test method documents, Lab notes (Worksheet), Procedures)', 'Usage and Management of GMP document / Assure that GMP documents are properly maintained and/or archived', 'Internal and external audit/inspection Preparation and Response Other laboratory Support activity (e.g., housekeeping)', 'QC Laboratory Test Activity Review of analytical data Perform Lab investigation when an issue occurred', 'Perform data integrity activity according to local regulation and JNJ internal', 'Utilizes electronic systems (LiMs, MEs, LES, Empower, etc.)', 'for execution and documentation of testing 3)', 'QC Laboratory Management Laboratory system administration (LiMs.']",[]
"0202_GI48324825_㈜더존비즈온 채용 - [유튜브 콘텐츠]더존비즈온 자사 유튜브(더존TV) 기획, 운영자 채용 _ 잡코리아",데이터 엔지니어,㈜더존비즈온,[],"['기본우대 국가유공자,인근거주자,컴퓨터활용능력 우수자,통계분석·리서치 능숙자,유관업무 경험자(인턴·알바),보 √ 자격증 유튜브크리에이터전문가']",['Excel']
0203_GI48377945_삼성생명보험㈜ 채용 - 삼성생명 GFC사업부 -기업컨설팅센터 기업재무상담 (예비)전문가 _ 잡코리아,데이터 분석가,삼성생명보험㈜,[],"['기본우대 군전역간부(장교', '부사관)', 'MBA학위 수여자', '인근거주자', '여군(장교', '차량소지자', '프리젠테이션 능 √ 자격증 세무사', '경영지도사 우대전공 광고홍보학과']","['Excel', 'R']"
0207_GI48348256_㈜더캐리 채용 - 2026년 (주)더캐리 IT인력 (정보혁신부) 공개채용 _ 잡코리아,데이터 엔지니어,㈜더캐리,[],"['웹,앱 풀스택 개발자 기존 시스템과 AIAX를 융합하는 일 JAVA, React, Python, Flutter 개발에 에 관심이 많은 분', '능숙한분', '자사몰,ERP 운영 및 신규 기능 개발 CI/CD 테스트,빌드,배포 자동화 Oracle 쿼리에 능숙한 분', 'Gen AI를 통한자사 솔루션기능확장 구축 경험 RAG를활용한 Langchain개발에 개인화,추천 시스템 개발 AWS구축/운영 경험 서비스기획,QA,PM업무 경험 에반젤리스트 서비스기획 QAPM IT 관련 학과,경영학 전공자 으로의 직무 확장 의지가 강한 분', '데이터 분설을 통한 문제 도출 열량 벤치마킹을 통한 경쟁사와 자사의 신규 자사 서비스 기획 및 QA SWOT 부석 역량 자사 서비스 런칭 경험 자사 솔루션의 신규 기능 기획 및 QA IA 사용자 시나리오 시퀀스 다이어그램 개발경험 서비스 기획 Python을 통한 데이터 분석 및 대시 IT 관련 학과,경영학,통계학 전공 보드 구축 포트폭리오 제출 필수 Cl이Ud 인프라 구출/운영/모니터링어 능숙한 분', 'DevOps 파이프라인 구축/운영에 MSP 서비스 수행 경험 Cloud 엔지니 개발 경험 AwS,Azure 운영 및 신기술 도입 AWS.Azure 기반의 에반젤리스트 역할 수행이 가능한 분', 'PM,데이터엔지니어,풀스택 개발자 로의 직무 확장 의지가 강한 분']","['Python', 'AWS', 'Azure', 'Oracle']"
0209_GI48207724_㈜씨지인사이드 채용 - (주)씨지인사이드 서비스 기획자 채용 공고 _ 잡코리아,데이터 분석가,㈜씨지인사이드,['App/Web 서비스 기획자(O명) 생성형 AI 활용 서비스 기획 및 프로젝트 운영 리더십과 함께 전사 레벨의 비전과 전략 설정 목표를 달성하기 위한 전략을 수립하고 실행 프로젝트의 문제 정의부터 배포까지의 전체 과정을 담당'],['문서작성 우수자 기본우대'],['R']
0210_GI48351002_㈜똑똑한부엉이 채용 - 인천 송도 9am-4pm 마케팅 담당자 (CRM _ 서비스기획 _ 데이터 분석) _ 잡코리아,데이터 엔지니어,㈜똑똑한부엉이,[],"['성과 낸 프로젝트에서 비중이 높았던 경험', '교육·키즈·콘텐츠 산업 경험', 'GA·CRM·PR·바이럴 프로젝트 운영 경험']",['GA']
0211_GI48308150_펑타이그레이터차이나(유) 채용 - [PTKOREA] 데이터 엔지니어 _ 잡코리아,데이터 엔지니어,펑타이그레이터차이나(유),['데이터엔지니어'],"['Kubernetes에 익숙하신 분', '데이터 파이프라인 개발 경험이 있으신 분', 'Spark,Flink 개발 및 튜닝 경험이 있으신 분', '이해관계자들과 원활하고 적극적인 커뮤니케이션이 가능하신 분', '데이터 엔지니어링 전반에 걸친 다양한 업무 경험이 있으신 분']","['Python', 'R', 'AWS', 'Spark', 'Airflow']"
0212_GI48330133_다큐브㈜ 채용 - AI 서비스 기획 채용 _ 잡코리아,데이터 엔지니어,다큐브㈜,['AI 서비스 기획자 고객사 데이터웨어하우스 분석을 통한 서비스 기획 고객사와의 기술적 커뮤니케이션 및 협업 프롬프트 엔지니어링 및 시멘틱 레이어 최적화 목적에 맞는 테이블 설계 및 SQL 작성'],"['데이터 분석 업무 경험이 있는 분', 'LLM 기반 서비스를 직접 기획·구현해본 경험이 있는 분', '데이터 애널리스트 혹은 BI 툴(Tableau,Power BI 등)활용 경험을 보유한 분']","['SQL', 'Python', 'Tableau', 'Power BI']"
"0213_GI48128477_펑타이그레이터차이나(유) 채용 - [PTKOREA] 캠페인 기획, 디지털 마케팅 Planning_AE _ 잡코리아",데이터 분석가,펑타이그레이터차이나(유),[],['유관 전공 이수하신 분 퍼포먼스 및 데이터 분석 가능하신 분'],[]
0214_GI48308090_펑타이그레이터차이나(유) 채용 - [PTKOREA] 글로벌 대기업 플랫폼 콘텐츠 기획 _ 잡코리아,데이터 분석가,펑타이그레이터차이나(유),[],['글로벌 플랫폼 운영 경험 혹은 AEM 플랫폼 Component 기반의 사이트 구축/운영 경험이 있으신 분'],[]
0215_GI48284851_펑타이그레이터차이나(유) 채용 - [PTKOREA] 대기업 디지털 콘텐츠 기회 및 제작 _ 잡코리아,데이터 분석가,펑타이그레이터차이나(유),"['대기업 디지털 콘텐츠 기회 및 제작 대기업 캠페인 진행을 위한 eDM 컨텐츠 및 디지털 컨텐츠 기획과 제작 (0명) 광고주 리포팅 및 협업 부서와 커뮤니케이션 업무 가이드 제작과 산출물 관리 트렌드 써치,컨셉 개발과 기획']","['업무에 대한 책임감과 조직 내 적응력이 있으신 분', '팀원과 적극적인 관계 형성과 긍정적 마인드셋을 보유하신 분']",[]
0216_GI48242653_펑타이그레이터차이나(유) 채용 - [PTKOREA] 대기업 고객사 IT 시스템 운영 엔지니어 (네트워크) _ 잡코리아,데이터 분석가,펑타이그레이터차이나(유),[],"['네트워크 관련 자격증을 보유하신 분', '이위융 업연위 해- 서버 및 보안 솔루션 관련 이해도가 높으신 분']",[]
0219_GI48363601_펑타이그레이터차이나(유) 채용 - [PTKOREA] 대기업 글로벌 APP 운영 - 퍼블리셔 및 QA (Publish_QA) _ 잡코리아,데이터 분석가,펑타이그레이터차이나(유),['대기업 글로벌 APP 운영'],"['온라인 플랫폼 운영 프로젝트를 경험하신 분', '영어 커뮤니케이션(Speaking)원활하신 분', 'Jira/Confluence 등 업무 관리 툴 사용 경험 있으신 분']",['Excel']
0220_GI48284737_펑타이그레이터차이나(유) 채용 - [PTKOREA] 총무 경력 채용 (5-10년차) _ 잡코리아,데이터 분석가,펑타이그레이터차이나(유),[],['사무환경 기획 및 개선 프로젝트 경험이 있으신 분 ※관련 포트폴리오(PDF 형식)제출 시 우대'],[]
0221_GI48297172_펑타이그레이터차이나 유한회사 채용 - [PTKOREA] 미디어 플래너 _ 잡코리아,데이터 분석가,펑타이그레이터차이나 유한회사,['미디어플래너'],['GA 활용 및 데이터 인사이트 발굴 가능하신 분'],['GA']
0223_GI48093223_㈜게임듀오 채용 - 사업 개발 담당자 _ 잡코리아,데이터 분석가,㈜게임듀오,"['게임 데이터 분석가 (0명) 회사의 전반적인 수익화 전략 기획 및 실행 글로벌 기업 포함 외부 협력사/개발사(외주)발굴 및 제휴 구조 설계 글로벌 시장을 포함한 IP 계약,사업 제휴 및 퍼블리싱 기회 확보 신규 수익 모델 발굴 및 사업 타당성 검토 시장/경쟁사/유저 리서치를 기반으로 한 사업 방향성 제안']",['플랫폼'],[]
0224_GI48308360_펑타이그레이터차이나(유) 채용 - [PTKOREA] 글로벌 디지털 콘텐츠 디자이너 _ 잡코리아,데이터 분석가,펑타이그레이터차이나(유),['글로벌 디지털 콘텐츠'],"['유관부서와의 원만한 협업과 소통이 가능하신 분', 'e-commerce/Branding 등 다양한 프로젝트 수행 경험을 보유하신 분', '인터랙티브 디자인,프로토 타이핑 역량이 있으신 분', 'UI디자인 및 반응형 디자인 시스템 구축 경험이 있으신 분', 'Figma,XD,Sketch 등 다양한 툴에 대한 관심이 높으신 분']",[]
0225_GI48157232_펑타이그레이터차이나(유) 채용 - [PTKOREA] 중국 디지털 마케팅 AE _ 잡코리아,데이터 분석가,펑타이그레이터차이나(유),['중국 디지털 마케팅 AE'],"['디지털 광고 에이전시 및 광고 대행사 출신이신 분', '최신 유행에 민감하며 창의적인 아이디어가 샘솟는 분', '능숙한 중국어 활용 가능하신 분', '(Business 중국어) 중국인일 경우,Fulltime 근무에 이슈 없으신 분']","['R', 'Excel']"
0226_GI48222963_펑타이그레이터차이나 유한회사 채용 - [PTKOREA] 디지털 캠페인 기획자(AE) _ 잡코리아,데이터 분석가,펑타이그레이터차이나 유한회사,['디지털 캠페인 기획자'],"['디지털 광고 대행사에서의 소셜 캠페인 업무 전문성을 보유하신 분(기획,제안,실행,협업) 프로젝트 리딩 경험이 있으신 분', '적극적이고 주도적으로 일하는 태도,커뮤니케이션 역량이 뛰어나신 분', '스스로 문제를 정리하고 해결 방법을 창출할 줄 아는 주도성을 갖추신 분', '열린마음과 자세로 협업할 수 있는 분']",[]
0227_GI48033454_펑타이그레이터차이나 유한회사 채용 - [PTKOREA] E-Commerce Platform 운영 _ 콘텐츠 기획 _ 잡코리아,데이터 분석가,펑타이그레이터차이나 유한회사,['E-Commerce'],"['이커머스 관련 서비스 기획을 해보신 분', '이커머스 트렌드에 민감하고,창의성과 아이디어가 풍부하신 분', '플랫폼 시스템을 기반으로 프로젝트를 진행해 보신 분', '백오피스(관리자 화면)설계 경험이 있으신 분']",[]
0229_GI48212309_펑타이그레이터차이나(유) 채용 - [PTKOREA] Creative Designer 채용 _ 잡코리아,데이터 엔지니어,펑타이그레이터차이나(유),[],"['최신 미디어 트렌드에 밝고,즐기시는 분']",[]
0230_GI48060183_펑타이그레이터차이나(유) 채용 - [PTKOREA] 중국 및 글로벌 미디어 플래너 _ 잡코리아,데이터 분석가,펑타이그레이터차이나(유),[],"['중국 시장에 대해 이해도가 높으신 분', '디지털 마케팅에 대한 이해도가 높으신 분']",[]
0231_GI48033919_펑타이그레이터차이나(유) 채용 - [PTKOREA] D2C 마케팅 기획자 (AE) _ 잡코리아,데이터 분석가,펑타이그레이터차이나(유),[],"['동종업계(광고 대행사,이커머스 운영사)근무 경험을 보유하신 분', '비즈니스 영어 활용이 가능하신 분']",[]
0232_GI48242565_펑타이그레이터차이나(유) 채용 - [PTKOREA] 정보보안(기술) 담당자 채용 (취약점 분석 및 보안시스템 운영) _ 잡코리아,데이터 분석가,펑타이그레이터차이나(유),[],"['보안 취약점 관리 체계 수립 및 개선 참여 경험이 있으신 분', '보안 규정 및 감사 대응 경험이 있으신 분', '모의 해킹 또는 침투 테스트 경험이 있으신 분', 'Python,Shell Script 등을 통한 정보보안 점검 업무 자동화 경험이 있으신 분', '정보보안 관련 자격증 보유하신 분']",['Python']
0234_GI48062766_㈜게임듀오 채용 - 게임 중어 번체 로컬라이제이션 _ 잡코리아,데이터 분석가,㈜게임듀오,"['게임 데이터 분석가 (0명) 게임에 대한 높은 이해도를 바탕으로 모바일 게임 콘텐츠를 번역합니다.', '게임 유저에 대한 관심과 배려를 바탕으로 글로벌 커뮤니케이션을 관리합니다.', '중화권 문화에 대한 깊은 이해도를 바탕으로 글로벌 커뮤니케이션에 필요한 번역을 진행합 니다.']","['게임을 좋아하고 여러 장르에 대한 이해도가 있는 분', '게임 번역 경험을 보유하신 분(KOzhTW) 게임 용어 및 사전집 관리 경험이 있으신 분', 'AI 번역툴 도입 및 활용 경험 보유하신 분', '원활한 커뮤니케이션에 가능하신 분', '원활히 중국어 간체를 구사하시는 분']",[]
0235_GI48076768_㈜이팝소프트 채용 - [이팝소프트(말해보카)] 그로스 마케터 _ 잡코리아,데이터 분석가,㈜이팝소프트,"['합류 후 이런 업무를 함께 담당하게 돼요.', '국내 및 해외의 퍼포먼스 마케팅 전략을 수립하고 실행합니다.(신규 유저 유입,구매 전환 극대화)', 'Meta,Google 등 주요 셀프서브 매체를 중심으로 앱 캠페인(UA,Retargeting,Branding)을 운영합니다.', '내부데이터, 앱스플라이어, 광고 대시보드를 활용하여(ROAS, CPA 등)를 분석하고 개선하는 업무를 담당합니다.', '캠페인 및 크리에이티브 성과 분석을 통해 인사이트를 도출하고 PD 및 디자이너와 협업하여 소재를 기획합니다.', '데이터 분석가와 협업하여 고객 데이터를 분석하고,마케팅 전략에 반영하는 업무를 담당합니다.', 'SQL,앱스플라이어 등 분석 도구를 활용하여 마케팅 성과를 진단하고 실행 액션을 도출합니다.', '매출 극대화를 위한 다양한 실험 및 프로젝트를 자유롭게 제안하고 리딩합니다.']","['퍼포먼스 마케팅 실무 경험 3년~7년이거나,이에 준하는 역량을 갖추신 분 e CN .', '경험을 보유하신 분', '저우량롱위거우 올러- 매체 운영: 능숙한 셀프서브 매체 운영 가능 소재 기획:크리에이티브 실험 설계 및 성공 소재 발굴 가능 데이터 분석:SQL 및 툴 기반 분석을 통해 퍼포먼스 인사이트 도출 가능 자기주도적으로 일하시고,논리적으로 소통하여 협업할 수 있는 분', '데이터 분석을 통해 인사이트를 찾는 데 흥미를 가지신 분', '이미 좋은 성과가 나오는 캠페인을 운영하면서도,새로운 실험이나 액션을 통해 매출,ROAS,CPA 등의 지표를 추가로 개선한 경험이 있으신 분', '목표 달성을 위한 성장 전략을 수립하고 실행한 경험이 있으신 분', '유저 세그먼트 및 퍼널 단계에 따른 리타켓팅 캠페인을 운영해보셨거나,Incrementality 테스트나 A/B 실험을 통해 실질적인 성과 개선을 이끈 경험이 있으신 분', '앱스플라이어,Google Analytics의 로데이터와 고급 기능을 이해하고 활용 가능하신 분']",['SQL']
0237_GI48274014_㈜미리디 채용 - [미리캔버스] 프롬프트 엔지니어 (Prompt Engineer) _ 잡코리아,데이터 분석가,㈜미리디,"['미리캔버스에 AI 이미지,AI 텍스트 생성 기능이 추가되었습니다!', '계속하여 발전하는 AI 기능을 활용하여 더 좋은 가치를 고객에게 전달하기 위해 프름프트 엔지니어링 업무를 담당해주실 분을 찾고 있습니다.', '함께 더 멋있고 편리한 AI 기능을 만들어가요!', '>프롬프트 엔지니어링팀의 목표와 일하는 방식이 궁금하다면?PE팀 인터뷰 보러 가기 | 기대모습 ""미리디에서 이런 일들을 함께 하고 싶어요"" 1개월뒤 N이아이리 비주얼 커뮤니케이션 기능을 고도화 하기 위한 핵심 제품 개발에 참여 합니다.', '목표조직 및 기능 조직내 동료들과 긴밀하게 협업하는 방법을 체득합니다.', '3개월 뒤 미리캔버스의 시각화 컨텐츠 생성을 위한 프롬프트를 생성하고 고도화 합니다.', '고도화한 프름프트를 정량적으로 평가할 수 있는 지표를 정의하고 환경을 구성합니다.', '그이후']","['""이런 분이라면 장기적으로 서로에게 더 긍정적일 것 같아요!""']",[]
0238_GI48207832_㈜미리디 채용 - [비즈하우스] 프린트 디자인 디렉터 _ 잡코리아,데이터 분석가,㈜미리디,"['(스티커,배너,현수막 등)에 최적화된 템플릿을 기획·디렉팅하는 역할을 수행합니다.', ""링리그을 터 융 이ㅠ '템플릿 최적화'에 집중합니다."", '상품기획', '마케터', '데이터 분석가', '외부 디자이너들과 긴밀히 협업하여 고객 관점에서 디자인을 분석하고 실질적인 매출 향상에 기여합니다.', '프린트 디자인 디렉터로 합류하면 이런 성장을 할 수 있어요!', '국내 최대 규모 PoD(PrintonDemand)플랫폼에서 상품-디자인-전환 퍼널을 연결하는 엔드투엔드 디자인 전략 경험', '단순 디자인 제작이 아닌,매출 전환을 만드는 디자인 실험 경험']",[],[]
0240_GI48234861_㈜놀유니버스 채용 - 국내숙박 영업 기획 담당자 - Business Analyst _ 잡코리아,데이터 분석가,㈜놀유니버스,[],"['숙박 사업(또는 OTA)산업에서의 경험을 보유하신 분', '스타트업 및 플랫폼 기업에서의 경험을 보유하신 분', '숙박사업 내 Business Analyst는 데이터 분석 To이을 활용,복잡한 데이터 문제를 해결하고,예측 모델을 개발하여 비즈니스에 성장에 기여해요.', '우리 조직은 데이터를 통해 기회를 발견하고,문제를 해결하며,데이터 기반의 의사 결정에 기여하여 조직의 성공을 이끌어내고 있어요.', '[합류 여정]']","['SQL', 'R']"
0241_GI48352455_㈜미리디 채용 - [미리디] 프로덕트 디자이너 (UI_UX Designer) _ 잡코리아,데이터 분석가,㈜미리디,"['""미리디의 프로덕트 디자이너는 이런 방식으로 일하고 있어요!"" ', '단순히 화면을 예쁘게 만드는 것이 아니라,고객의 경험과 비즈니스의 흐름을 함께 고민하며 프로덕트의 방향성을 설계해요.고객의 목소', '데이터를 바탕으로 문제를 정의하고,기획부터 실행,개선까지 서비스의 전 과정에 깊이 관여하며 프로덕트의 가치를 끝까지 책임져', ""우리는 '이걸 왜 만들어야 하는지','어떻게 하면 더 나은 경험이 될 수 있을지'를 먼저 고민해요.다양한 아이디어를 제안하고 팀과 함께 방'향을 논의하며', '더 나은 선택을 함께 만들어갑니다.그 과정에서 PM', '개발자', '데이터 분석가 등 다양한 직무의 동료들과 함께 문제 정의부 터 기능 기획']","['""이런 분이라면 장기적으로 서로에게 더 긍정적일 것 같아요!"" 서비스의 흐름과 상세 정책을 직접 기획·설계하고 실제 시장에 출시해본 경험이 있는 분', 'B2B 서비스 또는 복잡한 내부 시스템을 설계하고 개선한 경험이 있는 분', '태블릿', '모바일 등 다양한 디바이스 환경에서 범용적인 디자인 패턴을 이해하고', '상황에 맞게 적용할 수 있는 분.', '문제를 주도적으로 해결한 과정이 명확하게 보이는 프로젝트를 첨부해 주세요.', '단순 GUI 리뉴얼과 그래픽 작업이 아닌 기능적 플로우 설계의 논리,정책을 중점적으로 확인하고 있어요.(무엇을 문제로 생각했는지)']",[]
0242_GI48360620_보보스링크㈜ 채용 - 2호선 코스메틱대기업 _ 퍼포먼스 마케터 및 디지털 마케팅 분석가 채용 _ 잡코리아,데이터 시각화 분석가,보보스링크㈜,"['퍼포먼스 마케터 (1명)', '플랫폼 또는 브랜드 사 내 전사 조직/사업부에서의 Online Commerce사업 KPI', '퍼포먼스 등 Sales & MKT 데이터 활용 분석 경험 oKPI대시보드 관리 o데이터 기반 Reporting 작성 경험 및 아카이빙 oDigital 관련 프로젝트 경험(이커머스', '디지털 컨텐츠', '소셜/미디어 등)']","['Proficient in Excel, PPT, SQL, Power BI 퍼포먼스 마케터(Performance Marketer)', '디지털 마케팅 분석가(Marketing Analyst)', '이커머스MD/eCommerce운영 CRM마케터 프로덕트 매니저(PM)/서비스 기획자 |0논 [영어] TOEIC(Speaking)', '[영어] OPIc Writ ing']","['Excel', 'Google Analytics', 'SQL', 'Power BI']"
0243_GI48360101_㈜레진엔터테인먼트 채용 - [다우키움 계열사] 데이터 엔지니어 (경력) _ 잡코리아,데이터 엔지니어,㈜레진엔터테인먼트,[],"['Apache Spark 기반의 대용량 데이터 분산 처리 및 성능 최적화 경험을 보유하신 분', 'Kaf ka,Kinesis 등을 활용한 실시간 데이터 파이프라인 구축 경험을 보유하신 분', '유관 부서(분석가,비즈니스 팀)와의 원활한 협업 및 커뮤니케이션 능력을 보유하신 분']","['AWS', 'GCP', 'Azure', 'Spark']"
0244_GI48093310_㈜킵스바이오파마 채용 - (주)킵스바이오파마 전략기획실 경력직 채용 _ 잡코리아,데이터 분석가,㈜킵스바이오파마,"['IR/공시_기획업무 (1명)', '정기공시 및 수시공시 작성·제출(DART,KIND)', 'IR 자료(실적자료', '기업설명자료', 'IR Book 등)작성 및 업데이트 기존 투자자(주주', '이사회 등 주요 회의 준비 및 문서 작성 시장', '동종업계 동향 리서치 및 내부 보고 재무']","['상장사 공시 실무 경험 DART 편집기,KIND시스템 활용 경험 제약·바이오 산업 이해도']",['Excel']
0245_GI48364023_Manpower business solution 채용 - [말레이시아 근무] Sales Pricing Analyst - 반도체산업 _ 잡코리아,데이터 시각화 분석가,Manpower business solution,"['Sales Pricing', 'A Sales Pricing Support Specialist is responsible f or providing pricing and Analyst administrative support to the sales team by managing pricing enablement, generating (1명)', 'accurate quotes, and ensuring compliance with pricing policies, ultimately aiming to opt imize sales revenue and prof it ability while maint aining competit ive pricing.', 'Quote Generation: Develop and deliver accurate and timely sales quotes based on product specif ications, cust omer needs, and pricing guidelines.', 'Pricing Strategy Development: Collaborate with client to implement aligned pricing st rat egies f rom Sales Organization f or new products, promotions, and cust omer segments.', 'Pricing Compliance: Monit or and enf orce established pricing policies, ensuring adherence to company guidelines and legal regulations.', 'Data Management: Maint ain and update pricing data in CRM systems', 'including product det ails']","['competitive pricing.', 'Proficient in CRM systems for managing pricing dat a and generating quotes.', 'Excellent verbal and written communication skills f or ef f ective collaboration with int ernal teams and customers.', 'Ability to work cross-f unctionally with sales', 'marketing', 'finance', 'and other depart ment s on pricing workf lows.']",[]
0246_GI48308248_㈜크립토미디어그룹 채용 - [코인] 온체인애널리스트 크립토 시장 이해도가 높은 전문가 채용 (상주) _ 잡코리아,데이터 분석가,㈜크립토미디어그룹,['선물매매 리딩 전문가 (0명) 온체인(블록체인)데이터 수집 및 분석 시장동향 및 트렌드 분 시황 브리핑 기타 등등'],"['블록체인 및 암호화폐에 대한 이해도가 높으신 데이터 분석 및 해석 능력 코인 시장 브리핑 가능하신 분', '선물매매 대회에서 우수한 성적내신 분']",['R']
0247_GI48282151_㈜셀게이트 채용 - [셀게이트] 바이럴마케팅 _ 온라인 영업MD _ 자사몰 영업MD 채용 _ 잡코리아,데이터 분석가,㈜셀게이트,[],"['바이럴 소셜미디어채널 바이럴/체험단/SNS운영 경험자 마케팅 (0명)', '(인스타그램,블로그,유튜브 등)홍보 인플루언서 협업 또는 콘텐츠 기획 경험자 (과/차장급)', '인플루언서 및 커뮤니티 건강기능식품 마케팅 경험자 구축,관리 성과분석 및 최적화 매출실적 및 지표관리 건강기능식품/소비재 MD 경험자 매출성장 성공사례 보유자 IOIcEBVCf/움1Y1I 조기퇴근 연차/반차제도 인센티브제 (매월 마지막주 (눈치보지말고 (분기별우수사원 금요일 5시퇴근)', '편하게사용)', '보너스 지급)', '에어팟 자사제품 묵직한~ 사용가능 직원할인 명절선물 (각자 듣고싶은 노래 (직원가를 통해 (정성을담은 들으면서 업무가능)', '저렴하게 구매)', '명절선물 지급)']","['Excel', 'R']"
0248_GI48324333_픽셀로직코리아(유) 채용 - Finance Analyst _ 잡코리아,데이터 분석가,픽셀로직코리아(유),"['support the VP & GM, APAC and the central Corporate Services in the United States.', 'The successful individual has a desire to build strong relationships with business line heads and non-financial stakeholders through effective business partnering.', 'There is also plenty scope for the new appointment to enhance existing processes as well as regular business planning, forecast and management information reports.', 'Responsible for accurate preparation on the consolidated (P&L, balance sheet, and cash flow)', ""monthly financial results, quarterly forecasts and annual budgets of the Company's business units to senior management and external parties."", 'Review and monitor key changes between actual results vs.', 'current forecast', 'budget']","['Highly proficient in Microsoft office, specifically Microsoft Excel.', 'Skilled in billing', 'reporting', 'analysis', 'problem solving and relationship building.', 'Excellent verbal and written communication skills.', 'Strong attention to detail, organizational, problem-solving and high level math skills.', 'Equal Opportunity Employer']",['Excel']
0249_GI48346050_마이데이터 채용 - [삼성전자 SAIT] Business Analyst (BA) _ Business Developer 모집 _ 잡코리아,데이터 분석가,마이데이터,[],"['삼성전자 또는 대기업 IT 조직/연구소 상주 경험', 'ITO 계약,IT 투자/예산 관리 경험', '정보전략(IS),IT 기획,경영기획 경험', '임원/의사결정자 대상 보고 경험']",['Excel']
0250_GI48099884_㈜대한파트너스 채용 - [코인TM _ 코인레퍼럴] 코인 TM 영업 채용 (부천 본사 _ 자체생산 DB _ 단 _ 잡코리아,데이터 분석가,㈜대한파트너스,['TM영업 (0명) 코인TM영업 고퀄리티 자체 DB 무료체험 유치 FEIEIL IO_ 고인 데퍼널'],['코인 가상자산 래퍼럴 유사투자 영업 TM 금융 기본우대'],[]
0251_GI48299502_㈜먹깨비 채용 - React (리엑트) 채용 _ 공공배달앱 (주)먹깨비 _ 잡코리아,데이터 분석가,㈜먹깨비,[],"['우대전공 정보통신공학과,응용소프트웨어공학과']","['Python', 'R']"
0252_GI48377451_케이바이오테크솔루션 채용 - 임상시험 통계분석 컨설턴트 채용합니다. _ 잡코리아,데이터 분석가,케이바이오테크솔루션,[],"['의료기기 임상시험 통계분석 경험자 MFDS 임상 관련 통계 업무 경험', 'SAP,TFL(Table, Figure,Listing)작성 경험', 'GCP,ISo14155등임상시험 관련가이드라인 이해 영어 문서 작성 및 규제 대응 경험', 'CRO 또는 제약/의료기기 기업근무 경험']","['SAS', 'SPSS', 'R', 'GCP']"
0253_GI48307992_㈜대한파트너스 채용 - [㈜대한파트너스] 코인레퍼럴 TM영업 공개채용 (부천 상동 _ 자체생산 DB _ _ 잡코리아,데이터 분석가,㈜대한파트너스,['TM영업 (0명) 코인TM영업 고퀄리티 자체 DB 무료체험 유치 코인레퍼럴'],['코인 가상자산 래퍼럴 유사투자 영업 TM 금융 기본우대'],[]
0254_GI48289981_Indxx APAC Ltd. 채용 - 외국계 기업 Financial Analyst (Index Product & Operations) 채용 _ 잡코리아,데이터 시각화 분석가,Indxx APAC Ltd.,['Analyze financial statement s and key perf ormance indicators (KPls).'],"['Monit or global financial markets to detect emerging opport unities for new index offerings.', 'Track business performance and prepare MiS reports and dashboards.', 'Assist in preparing present ations for management and int ernal stakeholders.', 'Monitor market trends, industry benchmarks, and competitor performance.', 'University Graduation Any additional financial certification will be pref erred.', 'Experience:']","['Python', 'Excel', 'VBA', 'R']"
0256_GI48099895_㈜대한파트너스 채용 - [㈜대한파트너스] 코인레퍼럴 TM영업 공개채용 (서울 가산 _ 자체생산 DB _ _ 잡코리아,데이터 분석가,㈜대한파트너스,['TM영업 (0명) 코인TM영업 고퀄리티 자체 DB 무료체험 유치 코인레퍼럴'],['코인 가상자산 래퍼럴 유사투자 영업 TM 금융 기본우대'],['R']
0257_GI48134366_㈜씨티아이랩 채용 - [CTILAB]사이버 위협 보안 분석 전문가 _ 잡코리아,데이터 분석가,㈜씨티아이랩,['보안전문가(1명) 이런 분을 찾고 있어요 SIEM/SOAR 기반 관제 서비스 운영 해보신 분'],"['사이버 위협 인텔리전스 수집 및 분석 경험을 보유하신분', 'MitreATT&CK Framework 실무 경험을 보유하신분', '다양한 침해사고 대응 경험을 보유하신분', '새로운 기술과 지식을 빠르게 습득하고,이를 활용하여 문제 해결 능력이 뛰어 나시분', '고객 및 동료 팀원과 원활한 소통을 통해 시너지를 발휘하실분']",[]
0258_GI48369036_다큐브㈜ 채용 - [솔루션팀_5년 이상] 백엔드 개발 팀장급 채용 _ 잡코리아,데이터 분석가,다큐브㈜,['SDK 고객 요구사항 분석 및 제품 개선 피드백 배포 파이프라인 운영 및 SDK 관련 이슈 triage 연구 기능의 API/SDK 제품화'],"['오픈소스 라이브러리 기여 경험', 'Al Agent 기반 자동화된 배포 파이프라인 운영 경험', '인프라 기본 구성 및 운영 경험']","['Git', 'R']"
0260_GI48231411_㈜셀게이트 채용 - [셀게이트] 2025년 신입_경력 채용 _ 잡코리아,데이터 엔지니어,㈜셀게이트,[],"['(결산,부가세신고,손익보고서 작성 회계/세무 관련 지식 보유자 (팀장급)', '커뮤니케이션 능력', '우수자 IXHOL운/SNS 소재저 베리에이션 기본우대 영어가능자,인근거주자,컴퓨터활용능력', '우수자,차량소지자,운전가능자,통계분석·리서치 능숙자,프리젠 이 기업과 나의 적합도 체크 핵심 역량']","['R', 'Excel']"
0262_GI48231411_㈜셀게이트 채용 - [셀게이트] 2025년 신입_경력 채용 _ 잡코리아,데이터 분석가,㈜셀게이트,[],"['(결산,부가세신고,손익보고서 작성 회계/세무 관련 지식 보유자 (팀장급)', '커뮤니케이션 능력', '우수자 IXHOL운/SNS 소재저 베리에이션 기본우대 영어가능자,인근거주자,컴퓨터활용능력', '우수자,차량소지자,운전가능자,통계분석·리서치 능숙자,프리젠 이 기업과 나의 적합도 체크 핵심 역량']","['R', 'Excel']"
0263_GI48364745_Mindpec Solutions 채용 - [말레이시아 근무] 반도체 업계 - Sales Pricing Support Specialist _ 잡코리아,데이터 분석가,Mindpec Solutions,"['Pricing Analyst 직무 개요 (1명)', '가격 정책 운영', '정확한 견적 산출', '가격 정책 준수 관리 등을 담당합니다.', '이를 통해 경쟁력 있는 가격을 유지하면서 매출 및 수익성 극대화를 목표로 합니다.', '견적 산출(Quote Generation)', '제품 사양, 고객 요구사항 및 가격 가이드라인을 기반으로 정확하고 신속한 세일즈 견적 제공 가격 전략 수립 (Pricing Strategy Development)', '신규 제품,프로모션,고객 세그먼트에 대해 세일즈 조직의 가격 전략이 일관되게 적용되도록 고 가격 정책 준수 관리(Pricing Compliance)']","['대규모 팀 및 복잡한 데이터 세트를 관리하는 세일즈 운영(Sales Operations)경험', '해당 산업의 세일즈 프로세스 및 베스트 프랙티스에 대한 이해 데이터를 분석하고 실행 가능한 인사이트를 도출할 수 있는 강한 분석 역량', 'Pricing)전략에 대한 이해 CRM 시스템을 활용한 가격 데이터 관리 및 견적 생성 경험', '내부 팀 및 고객과의 협업을 위한 뛰어난 커뮤니케이션 역량']",[]
0264_GI48369915_㈜이비뉴스산업경제 채용 - EBN산업경제 취재기자 모집 _ 잡코리아,데이터 엔지니어,㈜이비뉴스산업경제,"['포지션 (0명) EBN 산업·경제 분야 취재 및 기사 작성 (본시장 중심 기업·산업·자본시장 취재).', '실적·공시·지배구조·자본시장 이슈 등 기업·시장 중심 심층 기사 및 분석 리포트 작성.', '국회,정부 부처,금융·증권기관 등 관련 출입처 취재 및 네트워크 구축.', '산업·자본시장·정책 관련 기획·연재·단독 기사 발굴 및 온·오프라인 콘텐츠 제작.']",['기본우대'],[]
0265_GI48245821_에임드바이오 채용 - [코스닥 상장사] 재무회계 경력직 모집 _ 잡코리아,데이터 분석가,에임드바이오,[],"['IFRS 재무제표 및 주요 재무지표에 대한 이해 해외 투자자 대상 IR 또는 영문 자료 대응 경험', '바이오/제약 산업에 대한 이해 또는 업계 경험', '상장사 근무 경험', '더존(아마란스)등 ERP 사용 경험', '부가가치세·원천세 신고 업무 경험', '또는 이해 정부과제 또는 R&D 비용 관리 경험']",['R']
0266_GI48179205_보보스링크㈜ 채용 - [삼성_아셈타워]외국계대기업 HR Benefit specialist(복리후생 담당자) _ 잡코리아,데이터 분석가,보보스링크㈜,"['responsible for ensuring the accurate', 'efficient', 'and compliant delivery of a wide range of benefits', 'while also providing exceptional customer service and advisory support to employees', 'managers', 'and HR business partners.', 'The specialist will manage day-to-day benefit operations, maintain HR system data, and contribute to the overall effectiveness of our total rewards strategy.', 'HR Analyst 포지션']",['|0논| [영어] TOEIC(Speaking) [영어] OPIc [영어] OPlc Listening&Reading'],[]
0267_GI48368811_㈜비욘드뮤직 채용 - 데이터 오퍼레이터 팀원 _ 잡코리아,데이터 분석가,㈜비욘드뮤직,[],"['I 데이터 파이프라인 운영 또는 실행 상태 모니터링 경험', 'I Python을 활용한 데이터 처리 또는 자동화 경험', 'I Redshift,BigQuery 등 데이터웨어하우스 사용 경험', '| 데이터 문서화 또는 운영 프로세스 개선 경험', '| 외주사 또는 협력사와의 업무 커뮤니케이션 경험']","['Excel', 'BigQuery', 'Redshift']"
0268_GI48291732_타이코에이엠피㈜ 채용 - [TE 커넥티비티] 수요 예측 분석가 _ 잡코리아,데이터 분석가,타이코에이엠피㈜,"['수요예측 Job Description (1명)', 'The Demand Planner position is responsible for Korea region f orecasting activities associated with Sales, PMs and factory partners.', 'The position creates and maintains forecast models and incorporating business intelligence and forecast inf ormation gathered from sales, customers, product management and other sources.', 'The', 'Demand Planner responsible for Product lines in support of the Korea Auto BU forecast wit hin Sales and Invent ory Operation Planning (SiOP).', 'Develop and maint ain Sales demand f orecast s', 'Develop demand forecasts for key customers and product lines in support of the AUT sales forecast.', 'Review historical sales trends, analyze demand drivers, evaluate accuracy of forecast results.']","['1)Competencies & Skills ?Who Enjoys taking on new challenges with passion.', '?Ability to interact and negotiate effectively with external or internal customers.', '?Ability to work to deadlines and challenging targets.', '?Basic verbal and written communication skills (English).', '2)Education', ""?Bachelor's Degree in Business Management, Industrial Engineering, etc.""]",['Excel']
0269_GI48036982_㈜그린카 채용 - 2025년 그린카 경력_신입 상시모집 _ 잡코리아,데이터 분석가,㈜그린카,['AWS 클라우드 사용 경험자 ETL도구사용 유경험자(Airflow) 머신러닝을통한모델학습유경험자'],['기본우대 운전가능자'],"['SQL', 'Excel', 'AWS', 'Redshift', 'MySQL', 'Airflow']"
0270_GI48311484_피디에프솔루션세미컨덕터테크놀로지코리아(유) 채용 - (PDF Solutions Korea) OPC Engineer _ Senior Engineer 모집 _ 잡코리아,데이터 사이언티스트,피디에프솔루션세미컨덕터테크놀로지코리아(유),"['OPC Engineer /Senior (1명) 우리는 이런 분을 찾고 있습니다!', '""나,패턴의 숨은 오류를 찾아내는 문제 해결사!"", ""코드는 나의 도구,자동화는 나의 무기!""', 'Python', 'Perl', 'Tcl', 'Shell 등 다양한 스크립트 언어를 활용해 대규모 데이터를 다루고 자동화를 이끌어내는 분 ""현장형 분석가+협업형 엔지니어""', 'Lithography', 'Design']","['기본우대 해외연수자', '영어가능자', '인근거주자', '차량소지자', '영어능통자(원어민수준)', '통계분석', '리서치 능숙자', '관련 √ 외국어 [영어]TEPS [영어] TOEIC(Speaking) [영어] OPIc IM3급 이상 자격증 PCCP(Python) Lv.5']",['Python']
0271_GI48331590_매드업 채용 - [마케팅 사업 부문] 마케팅 어시스턴트 (운영 보조) - 계약직 채용 _ 잡코리아,데이터 마케팅 분석가,매드업,"['이산 뀌위취 시 주요 매체 세팅 및 검수(카카오', '네이버GFA', 'META', '구글 등)', '광고 소재 기획 등 퍼포먼스 마케팅 업무 서포트 블로그/인스타그램 콘텐츠 기획 및 제작(원고 작성 포함)', '인플루언서 시딩 및 일정 조율,영상 제작 가이드 전달 등 인플루언서 마케팅 서포트 배치되는 팀이나 캠페인에 따라 일부 업무만 담당하시게 될 수 있습니다.']","['검색 광고(SA),디스플레이 광고(DA)세팅 및 운영 경험이 있으신 분', '디지털 마케팅 대행사에서 업무 경험이 있으신 분', '6개월 이상 근무 가능하신 분']",[]
0272_GI48273431_㈜세코어로보틱스 채용 - [로봇_AI] Business Model Developer _ 세코어로보틱스 _ 잡코리아,데이터 분석가,㈜세코어로보틱스,[],"[' 2)외향적이며,커뮤니케이션 능력이 뛰어난 성격을 소유하신 분', '위담후등위위허후연품을- 기술과 고객을 비즈니스를 통해 연결하는 역할을 즐기는 분', '3)AI,로봇,답테크 분야 산업 경험을 보유하신 분', '4)IR 자료,정부사업 제안서 등 문서 기획 경험을 보유하신 분', '5)창업 혹은 초기 스타트업 근무 경험을 보유하신 분', '6)빠르게 성장하는 Al/Robotics 산업 환경에서 열정적으로 도전할 분', '자율출퇴근제 운영 개인의 라이프스타일과 업무 리듬에 맞게 유연하게 출퇴근할 수 있어,몰입도 높은 업무 환경을 스스로 만들 수 있습니다.', '자유로운 점심시간 정해진 시간에 얽매이지 않고 본인의 일정과 컨디션에 맞취 자유롭게 점심시간을 사용할 수 있습니다.']",['R']
0273_GI48331675_매드업 채용 - [마케팅 사업 부문] 퍼포먼스 마케터(AE) - 팀리드 채용 _ 잡코리아,데이터 마케팅 분석가,매드업,"['퍼포먼스 마케터 팀리드 디지털 마케팅 전반의 전략 수립,제안 및 운영 관리 고객사 목표 달성을 위한 전방위적 커뮤니케이션 수행 조직 성장 기여 관점에서의 구성원 육성,팀 빌딩']","['금융, 보험 광고주 레퍼런스가 있으신 분', '신규 조직을 성공적으로 육성 및 리딩한 경험이 있으신 분', '8인 이상의 팀 단위 조직관리 및 목표 설정 경험이 있으신 분', 'R,파이썬 등을 활용한 통계 분석 능력이 있으신 분']","['R', 'GA']"
0274_GI48331529_위버스마인드 채용 - [위버스마인드] IR_PR 시니어 총괄 채용 (10년 이상) _ 잡코리아,비즈니스 데이터 분석가,위버스마인드,"['[No.1 AI 에듀테크기업-Weaversmind] 위버스마인드는 2009년에 설립된 대한민국 대표 AI 에듀테크 기업으로,전 세계 12개의 특허를 이이리 입증했고,누적 학습자 수는 205만 명을 넘어섰습니다.2024년에는 베트남 시장에 성공적으로 진출하며 글로벌 에듀테크 기업으로서의 성장 속도를 더욱 높이고 있습니다.', 'AI 기반 학습 시장이 빠르게 확장되는 지금', '위버스마인드는 콘텐츠', '플랫폼', ""데이터 기술 전반으로 브랜드 정체성을 명확하게 전달할 체계적인 커뮤니케이션 전략의 중요성이 한층 커지고 있습니다."", '매김하는 여정을 함께할 분을 기다립니다.', 'PR/커뮤니케이션 리더 기업가치 제고 및 대외 신뢰도 확보를 위한 통합 커뮤니케이션 전략 수립 싱 터연 방 연 위 업 스토리라인 관리 경영 성과', '재무 메시지 등 IR 커뮤니케이션을 위한 핵심 콘텐츠(보도자료']",[],[]
0277_GI48282723_타이코에이엠피㈜ 채용 - [TE커넥티비티] SCM 신입 계약직 _ 잡코리아,데이터 분석가,타이코에이엠피㈜,"['Transportation Job Description Analyst 수입품Planning 업무 (1명)', '수입품 Planner 로서 내수 고객사의 발주 및 Demand forecast를 기반으로 소요량 Planning하 여 세계 각국 Source plant (북미', '벨기에', '포르투갈', '싱가폴 등)에 Purchase Requisition & Purchase Order 발행 및 FG 수급이 주요 책무이다.', '고객사 Backlog', 'Open PO', 'Stock 등에 대한 Daily 확인 및 Master file 운용 통해 소요량 확인 하여 Intercompany PR 및 PO 발행을 진행하며']","['Competencies & Skills MS Office(Excel/PPT)중급 이상 SAP-PP/SD/MM중급이상 SCBASIC/TED/TEOA관련 지식 중급이상 English Level 중급 이상 Supply Chain Management knowledge 초급 이상 2)Experience Years of Relevant Working Experience(관련업무수행 필요연도):2년 Year of Supervisory Experience(관리감독수행 필요연도):3년 3)Education 1.경영학', '국제경영학', '국제통상학 등 공급망 관리', '수출입', '통관 절차 이론에 대한 커리클럼을 갖 고 있는 관련 학과 전공 유리 2.전산학', '컴퓨터공학', '시스템공학 등 시스템 및 DB 활용 이론에 대한 커리쿨럼을 갖고 있는 관 련 학과 전공 유리 3.기계공학', '전자공학 등 TE 생산 제품에 대한 이해 및 도면 이해 능력에 대한 커리큘럼을 갖고 있는 관련 학과 전공 유리']",['Excel']
0278_GI48319594_㈜스푼랩스 채용 - Data Engineer (5년 이상) _ 잡코리아,데이터 엔지니어,㈜스푼랩스,"['AWS Cloud 기반 환경에서AWS Glue, Airflow등을활용한배치ETL 파이프라인을설계-운영합니다.', '서비스에서 발생하는 Database/Log 데이터에 대해 실시간 및 근실시간 데이터 파이프라인을 운영합니다.', 'MMP(Appsflyer, TikTok, Meta 등)/Third - Party 데이터에 대한 API기반 수집 및 파이프라인을구축·운영합니다.', '분석 데이터를Metabase', 'Superset-Redash 등 BI툴인프라 구성 및 연계하여', '타 부서에 데이터셋 및 시각화된 대시 보드를제공합니다 데이터 지연', '품질 이슈를 모니터링하고 개선합니다.']",['퀴리실행계획및 로그분석을통한ETL 성능 최적화 경험'],"['R', 'Superset', 'Redash', 'AWS', 'Airflow']"
0279_GI48331643_매드업 채용 - [마케팅 사업 부문] 퍼포먼스 마케터(AE) 채용 _ 잡코리아,데이터 마케팅 분석가,매드업,"['광고주 캠페인 최적화를 위한 다양한 방법제안 (매체 제안,소재제안 등)', '위 위 위수성 미디어 렙사', '디자이너', '개발자 등의 비즈니스 파트너들과의 협업을 위한 커뮤니케이션 매체 운영(SA', 'YouTube', 'DSP 등 디지털 전매체)', '결과에 따른 디지털 마케팅 퍼포먼스 분석 디지털 미디어믹스 전략 기획 및 제안 리서치애드', '앱애니 등을 활용한 디지털 마케팅 시장 자료조사 주간']","['데이터 기반 최적화 경험이 있으신 분', '원활한 커뮤니케이션 능력이 있으신 분', '분기,연간 단위의 데이터 통계 분석을 통해 새로운 Insight를 발굴하실 수 있는 분', '제안서 작성,비딩 발표 등 RFP 대응 경험이 있으신 분']","['Excel', 'GA']"
0280_GI48375574_㈜광주은행 채용 - (주)광주은행 단기(전문_일반)계약직 모집 _ 잡코리아,데이터 분석가,㈜광주은행,"['투자상품 및 자산관리 시장 대응 전략 리포트 등 (WM고객부) 상품 리서치,추천 포트폴리오 & 사후관리 등 (0명) PB 고객 방문 컨설팅 및 사후관리 등 내부직원 교육 및 외부 강의 등']","['AI 신기술 정보보호 정책 및 계획 수립 등 (정보보호부) (AI/클라우드 신기술 대응 등) 빅데이터분석기사', 'ISMS(-P)', 'ISO270O1', 'CISA 등IT 또는 정보보호 관련 자격 보유자 AI/ 클라우드 등 신기술 분야 보안 기획', '컴플라이언스 이해 및 개선 경험자 보안 아키텍쳐 설계 및 보안 인프라 구축 경험자 Sw 공급망 보안', 'DevSecOps 체계 구축 경험자 기업금융지점장(RM) 광주/전남 여', '수신 영업 등 (여신전략부) 기본우대 관련 자격증 보유자']",[]
0283_GI48338847_대기업 _ [엔터대기업] Data Analyst _ 잡코리아 헤드헌팅,데이터 분석가,대기업 _ [엔터대기업] Data Analyst _ 잡코리아 헤드헌팅,['[엔터대기업] Data Analyst 음악 산업에 대한 이해를 바탕으로 정량 및 정성적 분석 자료 취합 및 분석 리포트 작성.'],[],[]
0284_GI48294546_벤처기업 _ 강소 글로벌 게임사 [ Data Analyst ] 3년 이상 실무급 _ 잡코리아 헤드헌팅,데이터 분석가,벤처기업 _ 강소 글로벌 게임사 [ Data Analyst ] 3년 이상,['강소 글로벌 게임사 Data Analyst Business KPI 설계 및 모니터링 Spark SQL을 이용한 게임 로그 데이터 핸들링 및 대시보드 구축 게임 업데이트 성과 측정 A/B 테스트 및 개선 방향 제안'],"['다양한 게임을 깊이 있게 즐기시는 분', '게임을 비즈니스적인 시각에서 바라보실 수 있는 분', 'SQL을 활용하여 생각하는 데이터를 추출할 수 있는 분', 'Tableau와 같은 B툴을 이용한 데이터 시각화 경험이 있는 분', '비즈니스 레벨 이상의 영어 능력을 보유하신 분', '전산학,컴퓨터공학,산업공학,통계학,수학 등관련 학위를 소지하셨거나 해당 분야에 대한 경 험이 있는 분']",['Spark']
0285_GI48351245_중견기업 _ Devops (1.5년 이상) _ 잡코리아 헤드헌팅,데이터 엔지니어,중견기업 _ Devops (1.5년 이상) _ 잡코리아 헤드헌팅,"['그룹사의 통합 어드민 플랫폼을 구축, 운영하여 사업과 운영의 효율을 높이고 있습니다.', 'O그롭사의 사업과 운영에 필요한 기능을 개발, 운영하고 있습니다.', 'O통합 어드민을 비롯,플랫폼 형태의 도구를 개발하며 노하우를 쌓아가고 있습니다.', '백오피스를 개발,운영하여 업무의 효율성을 높이고 체계화합니다.']",[],[]
0286_GI48237067_대기업 계열사·자회사 _ Trade Marketing 데이터분석 대리급 _ 잡코리아 헤드헌팅,데이터 분석가,대기업 계열사·자회사 _ Trade Marketing 데이터분석 대리급 ,"['포지션 Trade Marketing 데이터분석 대리급 1)데이터 분석 및 대시보드 운영 (1명)', 'Tableau', '판촉물 활동 결과를 정량화하여 R이 분석 대형마트/편의점/로컬 등 채널별 실적 및 트렌드 리포트 제공 3)CRM기반 분석 및 고객 인사이트 도출 CRM을 통해 누적되는 고객/캠페인/구매 데이터 기반 고객 세그먼트 분석 및 구매 패턴 분석 (빈도/ 재구매율/전환율)', 'CRM 캠페인의 성과 측정(도달/참여/전환/매출 기여도)', '4)시장 및 리테일 데이터 분석(외부 데이터 활용)', '외부 시장 데이터(예:Nielsen,IRI,오픈마켓/편의점POS 등)기반 카테고리 트렌드 분석(ex.경쟁 사비교)', '물리적 가용성', '판촉 R이 등)추적 및 Risk 시그널 제공 6)협업 및 프로젝트 관리 TM본부']","['전국 대형 유통사(편의점·대형마트·창고형)담당 경험', 'CRM 기반 프로모션/고객 데이터 분석 경험', 'ERP/B/Tableau 기반 간단한 데이터 분석 역량']",['Tableau']
